"../../../Engine/Content/EngineResources/GradientTexture0.uasset" 0
"../../../Engine/Content/EngineResources/GradientTexture0.uexp" 1
"../../../Engine/Content/EngineResources/Black.uasset" 2
"../../../Engine/Content/EngineResources/Black.uexp" 3
"../../../Engine/Content/EditorResources/S_Actor.ubulk" 4
"../../../Engine/Content/EditorResources/S_Actor.uasset" 5
"../../../Engine/Content/EditorResources/S_Actor.uexp" 6
"../../../Engine/Plugins/NNE/NNEDenoiser/Content/NNEDTOM_Output_Default.uasset" 7
"../../../Engine/Plugins/NNE/NNEDenoiser/Content/NNEDTOM_Output_Default.uexp" 8
"../../../Engine/Plugins/NNE/NNEDenoiser/Content/NNEDTOM_Output_Alpha.uasset" 9
"../../../Engine/Plugins/NNE/NNEDenoiser/Content/NNEDTOM_Output_Alpha.uexp" 10
"../../../Engine/Plugins/NNE/NNEDenoiser/Content/NNEDTIM_ColorAlbedoNormal_Default.uasset" 11
"../../../Engine/Plugins/NNE/NNEDenoiser/Content/NNEDTIM_ColorAlbedoNormal_Default.uexp" 12
"../../../Engine/Plugins/NNE/NNEDenoiser/Content/NNEDTIM_ColorAlbedoNormal_Alpha.uasset" 13
"../../../Engine/Plugins/NNE/NNEDenoiser/Content/NNEDTIM_ColorAlbedoNormal_Alpha.uexp" 14
"../../../Engine/Plugins/NNE/NNEDenoiser/Content/NNEDOM_Output_Default.uasset" 15
"../../../Engine/Plugins/NNE/NNEDenoiser/Content/NNEDOM_Output_Default.uexp" 16
"../../../Engine/Plugins/NNE/NNEDenoiser/Content/NNEDOM_Output_Alpha.uasset" 17
"../../../Engine/Plugins/NNE/NNEDenoiser/Content/NNEDOM_Output_Alpha.uexp" 18
"../../../Engine/Plugins/NNE/NNEDenoiser/Content/NNEDIM_HighQuality_Default.uasset" 19
"../../../Engine/Plugins/NNE/NNEDenoiser/Content/NNEDIM_HighQuality_Default.uexp" 20
"../../../Engine/Plugins/NNE/NNEDenoiser/Content/NNEDIM_HighQuality_Alpha.uasset" 21
"../../../Engine/Plugins/NNE/NNEDenoiser/Content/NNEDIM_HighQuality_Alpha.uexp" 22
"../../../Engine/Plugins/NNE/NNEDenoiser/Content/NNEDIM_ColorAlbedoNormal_Default.uasset" 23
"../../../Engine/Plugins/NNE/NNEDenoiser/Content/NNEDIM_ColorAlbedoNormal_Default.uexp" 24
"../../../Engine/Plugins/NNE/NNEDenoiser/Content/NNEDIM_ColorAlbedoNormal_Alpha.uasset" 25
"../../../Engine/Plugins/NNE/NNEDenoiser/Content/NNEDIM_ColorAlbedoNormal_Alpha.uexp" 26
"../../../Engine/Plugins/Animation/ACLPlugin/Content/ACLAnimBoneCompressionSettings.uasset" 27
"../../../Engine/Plugins/Animation/ACLPlugin/Content/ACLAnimBoneCompressionSettings.uexp" 28
"../../../Engine/Plugins/2D/Paper2D/Content/PlaceholderTextures/DummySpriteTexture.ubulk" 29
"../../../Engine/Plugins/2D/Paper2D/Content/PlaceholderTextures/DummySpriteTexture.uasset" 30
"../../../Engine/Plugins/2D/Paper2D/Content/PlaceholderTextures/DummySpriteTexture.uexp" 31
"../../../Engine/Plugins/2D/Paper2D/Content/DummySprite.uasset" 32
"../../../Engine/Plugins/2D/Paper2D/Content/DummySprite.uexp" 33
"../../../Engine/Plugins/2D/Paper2D/Content/DefaultPaperTerrainMaterial.uasset" 34
"../../../Engine/Plugins/2D/Paper2D/Content/DefaultPaperTerrainMaterial.uexp" 35
"../../../Engine/Content/Animation/DefaultRecorderBoneCompression.uasset" 36
"../../../Engine/Content/Animation/DefaultRecorderBoneCompression.uexp" 37
"../../../Engine/Plugins/Runtime/AudioWidgets/Content/Resources/ScrubHandleDown_Clamped.uasset" 38
"../../../Engine/Plugins/Runtime/AudioWidgets/Content/Resources/ScrubHandleDown_Clamped.uexp" 39
"../../../Engine/Plugins/Interchange/Runtime/Content/Pipelines/DefaultTexturePipeline.uasset" 40
"../../../Engine/Plugins/Interchange/Runtime/Content/Pipelines/DefaultTexturePipeline.uexp" 41
"../../../Engine/Plugins/Interchange/Runtime/Content/Pipelines/DefaultSceneLevelPipeline.uasset" 42
"../../../Engine/Plugins/Interchange/Runtime/Content/Pipelines/DefaultSceneLevelPipeline.uexp" 43
"../../../Engine/Plugins/Interchange/Runtime/Content/Pipelines/DefaultSceneAssetsPipeline.uasset" 44
"../../../Engine/Plugins/Interchange/Runtime/Content/Pipelines/DefaultSceneAssetsPipeline.uexp" 45
"../../../Engine/Plugins/Interchange/Runtime/Content/Pipelines/DefaultMaterialXPipeline.uasset" 46
"../../../Engine/Plugins/Interchange/Runtime/Content/Pipelines/DefaultMaterialXPipeline.uexp" 47
"../../../Engine/Plugins/Interchange/Runtime/Content/Pipelines/DefaultMaterialPipeline.uasset" 48
"../../../Engine/Plugins/Interchange/Runtime/Content/Pipelines/DefaultMaterialPipeline.uexp" 49
"../../../Engine/Plugins/Interchange/Runtime/Content/Pipelines/DefaultGLTFSceneAssetsPipeline.uasset" 50
"../../../Engine/Plugins/Interchange/Runtime/Content/Pipelines/DefaultGLTFSceneAssetsPipeline.uexp" 51
"../../../Engine/Plugins/Interchange/Runtime/Content/Pipelines/DefaultGLTFPipeline.uasset" 52
"../../../Engine/Plugins/Interchange/Runtime/Content/Pipelines/DefaultGLTFPipeline.uexp" 53
"../../../Engine/Plugins/Interchange/Runtime/Content/Pipelines/DefaultGLTFAssetsPipeline.uasset" 54
"../../../Engine/Plugins/Interchange/Runtime/Content/Pipelines/DefaultGLTFAssetsPipeline.uexp" 55
"../../../Engine/Plugins/Interchange/Runtime/Content/Pipelines/DefaultAssetsPipeline.uasset" 56
"../../../Engine/Plugins/Interchange/Runtime/Content/Pipelines/DefaultAssetsPipeline.uexp" 57
"../../../Engine/Plugins/Interchange/Assets/Content/Functions/MX_UsdPreviewSurface.uasset" 58
"../../../Engine/Plugins/Interchange/Assets/Content/Functions/MX_UsdPreviewSurface.uexp" 59
"../../../Engine/Plugins/Interchange/Assets/Content/Functions/MX_UniformEDF.uasset" 60
"../../../Engine/Plugins/Interchange/Assets/Content/Functions/MX_UniformEDF.uexp" 61
"../../../Engine/Plugins/Interchange/Assets/Content/Functions/MX_TranslucentBSDF.uasset" 62
"../../../Engine/Plugins/Interchange/Assets/Content/Functions/MX_TranslucentBSDF.uexp" 63
"../../../Engine/Plugins/Interchange/Assets/Content/Functions/MX_ThinFilmBSDF.uasset" 64
"../../../Engine/Plugins/Interchange/Assets/Content/Functions/MX_ThinFilmBSDF.uexp" 65
"../../../Engine/Plugins/Interchange/Assets/Content/Functions/MX_SurfaceUnlit.uasset" 66
"../../../Engine/Plugins/Interchange/Assets/Content/Functions/MX_SurfaceUnlit.uexp" 67
"../../../Engine/Plugins/Interchange/Assets/Content/Functions/MX_Surface.uasset" 68
"../../../Engine/Plugins/Interchange/Assets/Content/Functions/MX_Surface.uexp" 69
"../../../Engine/Plugins/Interchange/Assets/Content/Functions/MX_SubsurfaceBSDF.uasset" 70
"../../../Engine/Plugins/Interchange/Assets/Content/Functions/MX_SubsurfaceBSDF.uexp" 71
"../../../Engine/Plugins/Interchange/Assets/Content/Functions/MX_SheenBSDF.uasset" 72
"../../../Engine/Plugins/Interchange/Assets/Content/Functions/MX_SheenBSDF.uexp" 73
"../../../Engine/Plugins/Interchange/Assets/Content/Functions/MX_OrenNayarBSDF.uasset" 74
"../../../Engine/Plugins/Interchange/Assets/Content/Functions/MX_OrenNayarBSDF.uexp" 75
"../../../Engine/Plugins/Interchange/Assets/Content/Functions/MF_IridescenceNoLUT.uasset" 76
"../../../Engine/Plugins/Interchange/Assets/Content/Functions/MF_IridescenceNoLUT.uexp" 77
"../../../Engine/Plugins/Interchange/Assets/Content/Functions/MX_StandardSurface.uasset" 78
"../../../Engine/Plugins/Interchange/Assets/Content/Functions/MX_StandardSurface.uexp" 79
"../../../Engine/Plugins/Interchange/Assets/Content/Functions/MX_TransmissionSurface.uasset" 80
"../../../Engine/Plugins/Interchange/Assets/Content/Functions/MX_TransmissionSurface.uexp" 81
"../../../Engine/Plugins/Interchange/Assets/Content/Functions/MX_OpenPBR_Translucent.uasset" 82
"../../../Engine/Plugins/Interchange/Assets/Content/Functions/MX_OpenPBR_Translucent.uexp" 83
"../../../Engine/Plugins/Interchange/Assets/Content/Functions/MX_OpenPBR_Opaque.uasset" 84
"../../../Engine/Plugins/Interchange/Assets/Content/Functions/MX_OpenPBR_Opaque.uexp" 85
"../../../Engine/Plugins/Interchange/Assets/Content/Functions/MX_MeasuredEDF.uasset" 86
"../../../Engine/Plugins/Interchange/Assets/Content/Functions/MX_MeasuredEDF.uexp" 87
"../../../Engine/Plugins/Interchange/Assets/Content/Functions/MX_GeneralizedSchlickBSDF.uasset" 88
"../../../Engine/Plugins/Interchange/Assets/Content/Functions/MX_GeneralizedSchlickBSDF.uexp" 89
"../../../Engine/Plugins/Interchange/Assets/Content/Functions/MX_Displacement.uasset" 90
"../../../Engine/Plugins/Interchange/Assets/Content/Functions/MX_Displacement.uexp" 91
"../../../Engine/Plugins/Interchange/Assets/Content/Functions/MX_DielectricBSDF.uasset" 92
"../../../Engine/Plugins/Interchange/Assets/Content/Functions/MX_DielectricBSDF.uexp" 93
"../../../Engine/Plugins/Interchange/Assets/Content/Functions/MX_ConicalEDF.uasset" 94
"../../../Engine/Plugins/Interchange/Assets/Content/Functions/MX_ConicalEDF.uexp" 95
"../../../Engine/Plugins/Interchange/Assets/Content/Functions/MX_ConductorBSDF.uasset" 96
"../../../Engine/Plugins/Interchange/Assets/Content/Functions/MX_ConductorBSDF.uexp" 97
"../../../Engine/Plugins/Interchange/Assets/Content/Functions/MX_BurleyDiffuseBSDF.uasset" 98
"../../../Engine/Plugins/Interchange/Assets/Content/Functions/MX_BurleyDiffuseBSDF.uexp" 99
"../../../Engine/Plugins/Interchange/Assets/Content/Functions/MX_AnisotropicVDF.uasset" 100
"../../../Engine/Plugins/Interchange/Assets/Content/Functions/MX_AnisotropicVDF.uexp" 101
"../../../Engine/Plugins/Interchange/Assets/Content/Functions/MX_AbsorptionVDF.uasset" 102
"../../../Engine/Plugins/Interchange/Assets/Content/Functions/MX_AbsorptionVDF.uexp" 103
"../../../Engine/Content/Functions/Engine_MaterialFunctions02/Utility/VectorLength.uasset" 104
"../../../Engine/Content/Functions/Engine_MaterialFunctions02/Utility/VectorLength.uexp" 105
"../../../Engine/Content/Functions/Engine_MaterialFunctions02/Utility/BreakOutFloat3Components.uasset" 106
"../../../Engine/Content/Functions/Engine_MaterialFunctions02/Utility/BreakOutFloat3Components.uexp" 107
"../../../Engine/Content/Functions/Engine_MaterialFunctions02/WorldPositionOffset/ObjectScale.uasset" 108
"../../../Engine/Content/Functions/Engine_MaterialFunctions02/WorldPositionOffset/ObjectScale.uexp" 109
"../../../Engine/Content/Functions/Engine_MaterialFunctions02/SafeNormalize.uasset" 110
"../../../Engine/Content/Functions/Engine_MaterialFunctions02/SafeNormalize.uexp" 111
"../../../Engine/Plugins/Editor/SpeedTreeImporter/Content/SpeedTree9/UnpackInteger3.uasset" 112
"../../../Engine/Plugins/Editor/SpeedTreeImporter/Content/SpeedTree9/UnpackInteger3.uexp" 113
"../../../Engine/Plugins/Editor/SpeedTreeImporter/Content/SpeedTree9/UnpackDirection.uasset" 114
"../../../Engine/Plugins/Editor/SpeedTreeImporter/Content/SpeedTree9/UnpackDirection.uexp" 115
"../../../Engine/Plugins/Editor/SpeedTreeImporter/Content/SpeedTree9/game_wind_noise.ubulk" 116
"../../../Engine/Plugins/Editor/SpeedTreeImporter/Content/SpeedTree9/game_wind_noise.uasset" 117
"../../../Engine/Plugins/Editor/SpeedTreeImporter/Content/SpeedTree9/game_wind_noise.uexp" 118
"../../../Engine/Plugins/Editor/SpeedTreeImporter/Content/SpeedTree9/SpeedTreeWindMotion.uasset" 119
"../../../Engine/Plugins/Editor/SpeedTreeImporter/Content/SpeedTree9/SpeedTreeWindMotion.uexp" 120
"../../../Engine/Plugins/Editor/SpeedTreeImporter/Content/SpeedTree9/SpeedTreeBranchMotion.uasset" 121
"../../../Engine/Plugins/Editor/SpeedTreeImporter/Content/SpeedTree9/SpeedTreeBranchMotion.uexp" 122
"../../../Engine/Content/Functions/Engine_MaterialFunctions02/ObjectLocalBounds.uasset" 123
"../../../Engine/Content/Functions/Engine_MaterialFunctions02/ObjectLocalBounds.uexp" 124
"../../../Engine/Content/Functions/Engine_MaterialFunctions02/UVs/BoundingBoxBased_0-1_UVW.uasset" 125
"../../../Engine/Content/Functions/Engine_MaterialFunctions02/UVs/BoundingBoxBased_0-1_UVW.uexp" 126
"../../../Engine/Plugins/Editor/SpeedTreeImporter/Content/SpeedTree9/SpeedTreeWind.uasset" 127
"../../../Engine/Plugins/Editor/SpeedTreeImporter/Content/SpeedTree9/SpeedTreeWind.uexp" 128
"../../../Engine/Plugins/Editor/SpeedTreeImporter/Content/SpeedTree9/SpeedTreeCameraFacing.uasset" 129
"../../../Engine/Plugins/Editor/SpeedTreeImporter/Content/SpeedTree9/SpeedTreeCameraFacing.uexp" 130
"../../../Engine/Plugins/Editor/SpeedTreeImporter/Content/SpeedTree9/EmptyNormal.uasset" 131
"../../../Engine/Plugins/Editor/SpeedTreeImporter/Content/SpeedTree9/EmptyNormal.uexp" 132
"../../../Engine/Plugins/Editor/SpeedTreeImporter/Content/SpeedTree9/Empty.uasset" 133
"../../../Engine/Plugins/Editor/SpeedTreeImporter/Content/SpeedTree9/Empty.uexp" 134
"../../../Engine/Plugins/Editor/SpeedTreeImporter/Content/SpeedTree9/SpeedTreeMaster.uasset" 135
"../../../Engine/Plugins/Editor/SpeedTreeImporter/Content/SpeedTree9/SpeedTreeMaster.uexp" 136
"../../../Engine/Plugins/Editor/SpeedTreeImporter/Content/SpeedTree9/SpeedTreeBillboard.uasset" 137
"../../../Engine/Plugins/Editor/SpeedTreeImporter/Content/SpeedTree9/SpeedTreeBillboard.uexp" 138
"../../../Engine/Plugins/Editor/SpeedTreeImporter/Content/SpeedTree9/SpeedTreeBillboardMaster.uasset" 139
"../../../Engine/Plugins/Editor/SpeedTreeImporter/Content/SpeedTree9/SpeedTreeBillboardMaster.uexp" 140
"../../../Engine/Plugins/Animation/ControlRig/Content/Controls/ControlRigXRayMaterial.uasset" 141
"../../../Engine/Plugins/Animation/ControlRig/Content/Controls/ControlRigXRayMaterial.uexp" 142
"../../../Engine/Plugins/Animation/ControlRig/Content/Controls/ControlRigGizmoMaterial.uasset" 143
"../../../Engine/Plugins/Animation/ControlRig/Content/Controls/ControlRigGizmoMaterial.uexp" 144
"../../../Engine/Content/EngineSounds/Master.uasset" 145
"../../../Engine/Content/EngineSounds/Master.uexp" 146
"../../../Engine/Content/EngineResources/DefaultTexture.ubulk" 147
"../../../Engine/Content/EngineResources/DefaultTexture.uasset" 148
"../../../Engine/Content/EngineResources/DefaultTexture.uexp" 149
"../../../Engine/Content/EngineMaterials/RemoveSurfaceMaterial.uasset" 150
"../../../Engine/Content/EngineMaterials/RemoveSurfaceMaterial.uexp" 151
"../../../Engine/Content/EngineMaterials/PreintegratedSkinBRDF.uasset" 152
"../../../Engine/Content/EngineMaterials/PreintegratedSkinBRDF.uexp" 153
"../../../Engine/Content/EngineMaterials/DefaultCalibrationGrayscale.uasset" 154
"../../../Engine/Content/EngineMaterials/DefaultCalibrationGrayscale.uexp" 155
"../../../Engine/Content/EngineMaterials/PPM_DefaultCalibrationGrayscale.uasset" 156
"../../../Engine/Content/EngineMaterials/PPM_DefaultCalibrationGrayscale.uexp" 157
"../../../Engine/Content/EngineMaterials/DefaultCalibrationColor.uasset" 158
"../../../Engine/Content/EngineMaterials/DefaultCalibrationColor.uexp" 159
"../../../Engine/Content/EngineMaterials/PPM_DefaultCalibrationColor.uasset" 160
"../../../Engine/Content/EngineMaterials/PPM_DefaultCalibrationColor.uexp" 161
"../../../Engine/Content/Functions/Engine_MaterialFunctions02/WorldPositionOffset/CameraOffset.uasset" 162
"../../../Engine/Content/Functions/Engine_MaterialFunctions02/WorldPositionOffset/CameraOffset.uexp" 163
"../../../Engine/Content/EngineMaterials/PhAT_JointLimitMaterial.uasset" 164
"../../../Engine/Content/EngineMaterials/PhAT_JointLimitMaterial.uexp" 165
"../../../Engine/Content/EngineMaterials/NaniteHiddenSectionMaterial.uasset" 166
"../../../Engine/Content/EngineMaterials/NaniteHiddenSectionMaterial.uexp" 167
"../../../Engine/Content/EngineMaterials/InvalidLightmapSettings.ubulk" 168
"../../../Engine/Content/EngineMaterials/InvalidLightmapSettings.uasset" 169
"../../../Engine/Content/EngineMaterials/InvalidLightmapSettings.uexp" 170
"../../../Engine/Content/EngineMaterials/M_InvalidLightmapSettings.uasset" 171
"../../../Engine/Content/EngineMaterials/M_InvalidLightmapSettings.uexp" 172
"../../../Engine/Content/EngineMaterials/MiniFont.uasset" 173
"../../../Engine/Content/EngineMaterials/MiniFont.uexp" 174
"../../../Engine/Content/EngineMaterials/GizmoMaterial.uasset" 175
"../../../Engine/Content/EngineMaterials/GizmoMaterial.uexp" 176
"../../../Engine/Content/EngineMaterials/BaseFlattenDiffuseMap_VT.ubulk" 177
"../../../Engine/Content/EngineMaterials/BaseFlattenDiffuseMap_VT.uasset" 178
"../../../Engine/Content/EngineMaterials/BaseFlattenDiffuseMap_VT.uexp" 179
"../../../Engine/Content/EngineMaterials/BaseFlattenEmissiveMap_VT.ubulk" 180
"../../../Engine/Content/EngineMaterials/BaseFlattenEmissiveMap_VT.uasset" 181
"../../../Engine/Content/EngineMaterials/BaseFlattenEmissiveMap_VT.uexp" 182
"../../../Engine/Content/EngineMaterials/BaseFlattenGrayscaleMap_VT.ubulk" 183
"../../../Engine/Content/EngineMaterials/BaseFlattenGrayscaleMap_VT.uasset" 184
"../../../Engine/Content/EngineMaterials/BaseFlattenGrayscaleMap_VT.uexp" 185
"../../../Engine/Content/EngineMaterials/BaseFlattenLinearColor_VT.ubulk" 186
"../../../Engine/Content/EngineMaterials/BaseFlattenLinearColor_VT.uasset" 187
"../../../Engine/Content/EngineMaterials/BaseFlattenLinearColor_VT.uexp" 188
"../../../Engine/Content/EngineMaterials/BaseFlattenNormalMap_VT.ubulk" 189
"../../../Engine/Content/EngineMaterials/BaseFlattenNormalMap_VT.uasset" 190
"../../../Engine/Content/EngineMaterials/BaseFlattenNormalMap_VT.uexp" 191
"../../../Engine/Content/EngineMaterials/Black_1x1_EXR_Texture_VT.ubulk" 192
"../../../Engine/Content/EngineMaterials/Black_1x1_EXR_Texture_VT.uasset" 193
"../../../Engine/Content/EngineMaterials/Black_1x1_EXR_Texture_VT.uexp" 194
"../../../Engine/Content/EngineMaterials/FlattenMaterial_WS_Normal_VT.uasset" 195
"../../../Engine/Content/EngineMaterials/FlattenMaterial_WS_Normal_VT.uexp" 196
"../../../Engine/Content/EngineMaterials/FlattenMaterial_VT.uasset" 197
"../../../Engine/Content/EngineMaterials/FlattenMaterial_VT.uexp" 198
"../../../Engine/Content/EngineMaterials/BaseFlattenNormalMap.uasset" 199
"../../../Engine/Content/EngineMaterials/BaseFlattenNormalMap.uexp" 200
"../../../Engine/Content/EngineMaterials/BaseFlattenDiffuseMap.uasset" 201
"../../../Engine/Content/EngineMaterials/BaseFlattenDiffuseMap.uexp" 202
"../../../Engine/Content/EngineMaterials/BaseFlattenEmissiveMap.uasset" 203
"../../../Engine/Content/EngineMaterials/BaseFlattenEmissiveMap.uexp" 204
"../../../Engine/Content/EngineMaterials/BaseFlattenGrayscaleMap.uasset" 205
"../../../Engine/Content/EngineMaterials/BaseFlattenGrayscaleMap.uexp" 206
"../../../Engine/Content/EngineMaterials/BaseFlattenLinearColor.uasset" 207
"../../../Engine/Content/EngineMaterials/BaseFlattenLinearColor.uexp" 208
"../../../Engine/Content/Functions/Engine_MaterialFunctions02/PivotPainter2/Black_1x1_EXR_Texture.uasset" 209
"../../../Engine/Content/Functions/Engine_MaterialFunctions02/PivotPainter2/Black_1x1_EXR_Texture.uexp" 210
"../../../Engine/Content/EngineMaterials/FlattenMaterial.uasset" 211
"../../../Engine/Content/EngineMaterials/FlattenMaterial.uexp" 212
"../../../Engine/Content/EngineMaterials/FastBlueNoise_vec2_128x128x64.uasset" 213
"../../../Engine/Content/EngineMaterials/FastBlueNoise_vec2_128x128x64.uexp" 214
"../../../Engine/Content/EngineMaterials/FastBlueNoise_scalar_128x128x8.uasset" 215
"../../../Engine/Content/EngineMaterials/FastBlueNoise_scalar_128x128x8.uexp" 216
"../../../Engine/Content/EngineMaterials/FastBlueNoise_scalar_128x128x64.uasset" 217
"../../../Engine/Content/EngineMaterials/FastBlueNoise_scalar_128x128x64.uexp" 218
"../../../Engine/Content/EngineMaterials/DefaultWhiteGrid_Low.uasset" 219
"../../../Engine/Content/EngineMaterials/DefaultWhiteGrid_Low.uexp" 220
"../../../Engine/Content/EngineMaterials/EmissiveMeshMaterial.uasset" 221
"../../../Engine/Content/EngineMaterials/EmissiveMeshMaterial.uexp" 222
"../../../Engine/Content/EngineMaterials/DefaultWhiteGrid.ubulk" 223
"../../../Engine/Content/EngineMaterials/DefaultWhiteGrid.uasset" 224
"../../../Engine/Content/EngineMaterials/DefaultWhiteGrid.uexp" 225
"../../../Engine/Content/EngineFonts/RobotoDistanceField.uasset" 226
"../../../Engine/Content/EngineFonts/RobotoDistanceField.uexp" 227
"../../../Engine/Content/EngineMaterials/DefaultTextMaterialOpaque.uasset" 228
"../../../Engine/Content/EngineMaterials/DefaultTextMaterialOpaque.uexp" 229
"../../../Engine/Content/Functions/Engine_MaterialFunctions02/Utility/BreakOutFloat2Components.uasset" 230
"../../../Engine/Content/Functions/Engine_MaterialFunctions02/Utility/BreakOutFloat2Components.uexp" 231
"../../../Engine/Content/EngineMaterials/DefaultDiffuse.ubulk" 232
"../../../Engine/Content/EngineMaterials/DefaultDiffuse.uasset" 233
"../../../Engine/Content/EngineMaterials/DefaultDiffuse.uexp" 234
"../../../Engine/Content/EngineMaterials/DefaultPostProcessMaterial.uasset" 235
"../../../Engine/Content/EngineMaterials/DefaultPostProcessMaterial.uexp" 236
"../../../Engine/Content/EngineMaterials/DefaultPhysicalMaterial.uasset" 237
"../../../Engine/Content/EngineMaterials/DefaultPhysicalMaterial.uexp" 238
"../../../Engine/Content/EngineMaterials/DefaultLightFunctionMaterial.uasset" 239
"../../../Engine/Content/EngineMaterials/DefaultLightFunctionMaterial.uexp" 240
"../../../Engine/Content/EngineMaterials/DefaultDestructiblePhysicalMaterial.uasset" 241
"../../../Engine/Content/EngineMaterials/DefaultDestructiblePhysicalMaterial.uexp" 242
"../../../Engine/Content/EngineMaterials/DefaultDeferredDecalMaterial.uasset" 243
"../../../Engine/Content/EngineMaterials/DefaultDeferredDecalMaterial.uexp" 244
"../../../Engine/Content/EngineMaterials/DefaultBokeh.uasset" 245
"../../../Engine/Content/EngineMaterials/DefaultBokeh.uexp" 246
"../../../Engine/Content/EngineMaterials/DefaultBloomKernel.uasset" 247
"../../../Engine/Content/EngineMaterials/DefaultBloomKernel.uexp" 248
"../../../Engine/Content/EngineFonts/Faces/DroidSansFallback.uexp" 249
"../../../Engine/Content/EngineFonts/Faces/DroidSansFallback.uasset" 250
"../../../Engine/Content/EngineFonts/Faces/DroidSansFallback.ufont" 251
"../../../Engine/Content/EngineFonts/Faces/RobotoBold.uexp" 252
"../../../Engine/Content/EngineFonts/Faces/RobotoBold.uasset" 253
"../../../Engine/Content/EngineFonts/Faces/RobotoBold.ufont" 254
"../../../Engine/Content/EngineFonts/Faces/RobotoBoldItalic.uexp" 255
"../../../Engine/Content/EngineFonts/Faces/RobotoBoldItalic.uasset" 256
"../../../Engine/Content/EngineFonts/Faces/RobotoBoldItalic.ufont" 257
"../../../Engine/Content/EngineFonts/Faces/RobotoItalic.uexp" 258
"../../../Engine/Content/EngineFonts/Faces/RobotoItalic.uasset" 259
"../../../Engine/Content/EngineFonts/Faces/RobotoItalic.ufont" 260
"../../../Engine/Content/EngineFonts/Faces/RobotoLight.uexp" 261
"../../../Engine/Content/EngineFonts/Faces/RobotoLight.uasset" 262
"../../../Engine/Content/EngineFonts/Faces/RobotoLight.ufont" 263
"../../../Engine/Content/EngineFonts/Faces/RobotoRegular.uexp" 264
"../../../Engine/Content/EngineFonts/Faces/RobotoRegular.uasset" 265
"../../../Engine/Content/EngineFonts/Faces/RobotoRegular.ufont" 266
"../../../Engine/Content/EngineFonts/Roboto.uasset" 267
"../../../Engine/Content/EngineFonts/Roboto.uexp" 268
"../../../Engine/Content/EngineFonts/Faces/DroidSansMono.uexp" 269
"../../../Engine/Content/EngineFonts/Faces/DroidSansMono.uasset" 270
"../../../Engine/Content/EngineFonts/Faces/DroidSansMono.ufont" 271
"../../../Engine/Content/EngineFonts/DroidSansMono.uasset" 272
"../../../Engine/Content/EngineFonts/DroidSansMono.uexp" 273
"../../../Engine/Content/Functions/Engine_MaterialFunctions02/Utility/CameraDirectionVector.uasset" 274
"../../../Engine/Content/Functions/Engine_MaterialFunctions02/Utility/CameraDirectionVector.uexp" 275
"../../../Engine/Content/EngineDebugMaterials/VolumeToRender.uasset" 276
"../../../Engine/Content/EngineDebugMaterials/VolumeToRender.uexp" 277
"../../../Engine/Content/EngineDebugMaterials/M_VolumeRenderSphereTracePP.uasset" 278
"../../../Engine/Content/EngineDebugMaterials/M_VolumeRenderSphereTracePP.uexp" 279
"../../../Engine/Content/EngineDebugMaterials/M_SimpleUnlitTranslucent.uasset" 280
"../../../Engine/Content/EngineDebugMaterials/M_SimpleUnlitTranslucent.uexp" 281
"../../../Engine/Content/EngineDebugMaterials/DebugMeshMaterial.uasset" 282
"../../../Engine/Content/EngineDebugMaterials/DebugMeshMaterial.uexp" 283
"../../../Engine/Content/EngineDebugMaterials/DebugEditorMaterial.uasset" 284
"../../../Engine/Content/EngineDebugMaterials/DebugEditorMaterial.uexp" 285
"../../../Engine/Content/EngineDamageTypes/DmgTypeBP_Environmental.uasset" 286
"../../../Engine/Content/EngineDamageTypes/DmgTypeBP_Environmental.uexp" 287
"../../../Engine/Content/EditorResources/S_TriggerSphere.uasset" 288
"../../../Engine/Content/EditorResources/S_TriggerSphere.uexp" 289
"../../../Engine/Content/EditorResources/S_TriggerCapsule.uasset" 290
"../../../Engine/Content/EditorResources/S_TriggerCapsule.uexp" 291
"../../../Engine/Content/EditorResources/S_TriggerBox.uasset" 292
"../../../Engine/Content/EditorResources/S_TriggerBox.uexp" 293
"../../../Engine/Content/EditorResources/S_Trigger.ubulk" 294
"../../../Engine/Content/EditorResources/S_Trigger.uasset" 295
"../../../Engine/Content/EditorResources/S_Trigger.uexp" 296
"../../../Engine/Content/EditorResources/S_Terrain.ubulk" 297
"../../../Engine/Content/EditorResources/S_Terrain.uasset" 298
"../../../Engine/Content/EditorResources/S_Terrain.uexp" 299
"../../../Engine/Content/EditorResources/S_Solver.ubulk" 300
"../../../Engine/Content/EditorResources/S_Solver.uasset" 301
"../../../Engine/Content/EditorResources/S_Solver.uexp" 302
"../../../Engine/Content/EditorResources/S_BoxReflectionCapture.uasset" 303
"../../../Engine/Content/EditorResources/S_BoxReflectionCapture.uexp" 304
"../../../Engine/Content/EditorResources/BSPVertex.uasset" 305
"../../../Engine/Content/EditorResources/BSPVertex.uexp" 306
"../../../Engine/Content/EditorMaterials/PreviewShadowIndicator.ubulk" 307
"../../../Engine/Content/EditorMaterials/PreviewShadowIndicator.uasset" 308
"../../../Engine/Content/EditorMaterials/PreviewShadowIndicator.uexp" 309
"../../../Engine/Content/EditorMaterials/PreviewShadowIndicatorMaterial.uasset" 310
"../../../Engine/Content/EditorMaterials/PreviewShadowIndicatorMaterial.uexp" 311
"../../../Engine/Content/EditorMaterials/PhAT_UnselectedMaterial.uasset" 312
"../../../Engine/Content/EditorMaterials/PhAT_UnselectedMaterial.uexp" 313
"../../../Engine/Content/EditorMaterials/PhAT_NoCollisionMaterial.uasset" 314
"../../../Engine/Content/EditorMaterials/PhAT_NoCollisionMaterial.uexp" 315
"../../../Engine/Content/EditorLandscapeResources/WhiteSquareTexture.uasset" 316
"../../../Engine/Content/EditorLandscapeResources/WhiteSquareTexture.uexp" 317
"../../../Engine/Content/EditorLandscapeResources/LayerVisMaterial.uasset" 318
"../../../Engine/Content/EditorLandscapeResources/LayerVisMaterial.uexp" 319
"../../../Engine/Content/Functions/Engine_MaterialFunctions02/WorldPositionOffset/LocalPosition.uasset" 320
"../../../Engine/Content/Functions/Engine_MaterialFunctions02/WorldPositionOffset/LocalPosition.uexp" 321
"../../../Engine/Content/Functions/Engine_MaterialFunctions01/Texturing/ScaleUVsByCenter.uasset" 322
"../../../Engine/Content/Functions/Engine_MaterialFunctions01/Texturing/ScaleUVsByCenter.uexp" 323
"../../../Engine/Content/Functions/Engine_MaterialFunctions01/Texturing/TextureCropping.uasset" 324
"../../../Engine/Content/Functions/Engine_MaterialFunctions01/Texturing/TextureCropping.uexp" 325
"../../../Engine/Content/Functions/Engine_MaterialFunctions02/ExampleContent/DebugNumberStrip.uasset" 326
"../../../Engine/Content/Functions/Engine_MaterialFunctions02/ExampleContent/DebugNumberStrip.uexp" 327
"../../../Engine/Content/Functions/Engine_MaterialFunctions01/Debug/DebugIntValues.uasset" 328
"../../../Engine/Content/Functions/Engine_MaterialFunctions01/Debug/DebugIntValues.uexp" 329
"../../../Engine/Content/EditorLandscapeResources/LandscapeLayerUsageMaterial.uasset" 330
"../../../Engine/Content/EditorLandscapeResources/LandscapeLayerUsageMaterial.uexp" 331
"../../../Engine/Content/EditorLandscapeResources/DefaultAlphaTexture.uasset" 332
"../../../Engine/Content/EditorLandscapeResources/DefaultAlphaTexture.uexp" 333
"../../../Engine/Content/EditorLandscapeResources/LandscapeDirtyMaterial.uasset" 334
"../../../Engine/Content/EditorLandscapeResources/LandscapeDirtyMaterial.uexp" 335
"C:/Users/Kai/Desktop/Game Jam/w/DinkGameJam2025/DinkGameJam2025/Content/Input/Touch/BPI_TouchInterface.uasset" 336
"C:/Users/Kai/Desktop/Game Jam/w/DinkGameJam2025/DinkGameJam2025/Content/Input/Touch/BPI_TouchInterface.uexp" 337
"C:/Users/Kai/Desktop/Game Jam/w/DinkGameJam2025/DinkGameJam2025/Content/Characters/Mannequins/Rigs/PA_Mannequin.uasset" 338
"C:/Users/Kai/Desktop/Game Jam/w/DinkGameJam2025/DinkGameJam2025/Content/Characters/Mannequins/Rigs/PA_Mannequin.uexp" 339
"C:/Users/Kai/Desktop/Game Jam/w/DinkGameJam2025/DinkGameJam2025/Content/Characters/Mannequins/Meshes/SK_Mannequin.uasset" 340
"C:/Users/Kai/Desktop/Game Jam/w/DinkGameJam2025/DinkGameJam2025/Content/Characters/Mannequins/Meshes/SK_Mannequin.uexp" 341
"C:/Users/Kai/Desktop/Game Jam/w/DinkGameJam2025/DinkGameJam2025/Content/Characters/Mannequins/Textures/Quinn/T_Quinn_02_N.ubulk" 342
"C:/Users/Kai/Desktop/Game Jam/w/DinkGameJam2025/DinkGameJam2025/Content/Characters/Mannequins/Textures/Quinn/T_Quinn_02_N.uasset" 343
"C:/Users/Kai/Desktop/Game Jam/w/DinkGameJam2025/DinkGameJam2025/Content/Characters/Mannequins/Textures/Quinn/T_Quinn_02_N.uexp" 344
"C:/Users/Kai/Desktop/Game Jam/w/DinkGameJam2025/DinkGameJam2025/Content/Characters/Mannequins/Textures/Quinn/T_Quinn_02_MRA.ubulk" 345
"C:/Users/Kai/Desktop/Game Jam/w/DinkGameJam2025/DinkGameJam2025/Content/Characters/Mannequins/Textures/Quinn/T_Quinn_02_MRA.uasset" 346
"C:/Users/Kai/Desktop/Game Jam/w/DinkGameJam2025/DinkGameJam2025/Content/Characters/Mannequins/Textures/Quinn/T_Quinn_02_MRA.uexp" 347
"C:/Users/Kai/Desktop/Game Jam/w/DinkGameJam2025/DinkGameJam2025/Content/Characters/Mannequins/Textures/Quinn/T_Quinn_02_D.ubulk" 348
"C:/Users/Kai/Desktop/Game Jam/w/DinkGameJam2025/DinkGameJam2025/Content/Characters/Mannequins/Textures/Quinn/T_Quinn_02_D.uasset" 349
"C:/Users/Kai/Desktop/Game Jam/w/DinkGameJam2025/DinkGameJam2025/Content/Characters/Mannequins/Textures/Quinn/T_Quinn_02_D.uexp" 350
"C:/Users/Kai/Desktop/Game Jam/w/DinkGameJam2025/DinkGameJam2025/Content/Characters/Mannequins/Textures/Quinn/T_Quinn_01_N.ubulk" 351
"C:/Users/Kai/Desktop/Game Jam/w/DinkGameJam2025/DinkGameJam2025/Content/Characters/Mannequins/Textures/Quinn/T_Quinn_01_N.uasset" 352
"C:/Users/Kai/Desktop/Game Jam/w/DinkGameJam2025/DinkGameJam2025/Content/Characters/Mannequins/Textures/Quinn/T_Quinn_01_N.uexp" 353
"C:/Users/Kai/Desktop/Game Jam/w/DinkGameJam2025/DinkGameJam2025/Content/Characters/Mannequins/Textures/Quinn/T_Quinn_01_MRA.ubulk" 354
"C:/Users/Kai/Desktop/Game Jam/w/DinkGameJam2025/DinkGameJam2025/Content/Characters/Mannequins/Textures/Quinn/T_Quinn_01_MRA.uasset" 355
"C:/Users/Kai/Desktop/Game Jam/w/DinkGameJam2025/DinkGameJam2025/Content/Characters/Mannequins/Textures/Quinn/T_Quinn_01_MRA.uexp" 356
"C:/Users/Kai/Desktop/Game Jam/w/DinkGameJam2025/DinkGameJam2025/Content/Characters/Mannequins/Textures/Quinn/T_Quinn_01_D.ubulk" 357
"C:/Users/Kai/Desktop/Game Jam/w/DinkGameJam2025/DinkGameJam2025/Content/Characters/Mannequins/Textures/Quinn/T_Quinn_01_D.uasset" 358
"C:/Users/Kai/Desktop/Game Jam/w/DinkGameJam2025/DinkGameJam2025/Content/Characters/Mannequins/Textures/Quinn/T_Quinn_01_D.uexp" 359
"C:/Users/Kai/Desktop/Game Jam/w/DinkGameJam2025/DinkGameJam2025/Content/Characters/Mannequins/Textures/Shared/T_UE_Logo_M.uasset" 360
"C:/Users/Kai/Desktop/Game Jam/w/DinkGameJam2025/DinkGameJam2025/Content/Characters/Mannequins/Textures/Shared/T_UE_Logo_M.uexp" 361
"C:/Users/Kai/Desktop/Game Jam/w/DinkGameJam2025/DinkGameJam2025/Content/Characters/Mannequins/Textures/Manny/T_Manny_01_MRA.ubulk" 362
"C:/Users/Kai/Desktop/Game Jam/w/DinkGameJam2025/DinkGameJam2025/Content/Characters/Mannequins/Textures/Manny/T_Manny_01_MRA.uasset" 363
"C:/Users/Kai/Desktop/Game Jam/w/DinkGameJam2025/DinkGameJam2025/Content/Characters/Mannequins/Textures/Manny/T_Manny_01_MRA.uexp" 364
"C:/Users/Kai/Desktop/Game Jam/w/DinkGameJam2025/DinkGameJam2025/Content/Characters/Mannequins/Textures/Manny/T_Manny_01_D.ubulk" 365
"C:/Users/Kai/Desktop/Game Jam/w/DinkGameJam2025/DinkGameJam2025/Content/Characters/Mannequins/Textures/Manny/T_Manny_01_D.uasset" 366
"C:/Users/Kai/Desktop/Game Jam/w/DinkGameJam2025/DinkGameJam2025/Content/Characters/Mannequins/Textures/Manny/T_Manny_01_D.uexp" 367
"C:/Users/Kai/Desktop/Game Jam/w/DinkGameJam2025/DinkGameJam2025/Content/Characters/Mannequins/Textures/Manny/T_Manny_01_BN.ubulk" 368
"C:/Users/Kai/Desktop/Game Jam/w/DinkGameJam2025/DinkGameJam2025/Content/Characters/Mannequins/Textures/Manny/T_Manny_01_BN.uasset" 369
"C:/Users/Kai/Desktop/Game Jam/w/DinkGameJam2025/DinkGameJam2025/Content/Characters/Mannequins/Textures/Manny/T_Manny_01_BN.uexp" 370
"C:/Users/Kai/Desktop/Game Jam/w/DinkGameJam2025/DinkGameJam2025/Content/Characters/Mannequins/Materials/M_Mannequin.uasset" 371
"C:/Users/Kai/Desktop/Game Jam/w/DinkGameJam2025/DinkGameJam2025/Content/Characters/Mannequins/Materials/M_Mannequin.uexp" 372
"C:/Users/Kai/Desktop/Game Jam/w/DinkGameJam2025/DinkGameJam2025/Content/Characters/Mannequins/Materials/Quinn/MI_Quinn_01.uasset" 373
"C:/Users/Kai/Desktop/Game Jam/w/DinkGameJam2025/DinkGameJam2025/Content/Characters/Mannequins/Materials/Quinn/MI_Quinn_01.uexp" 374
"C:/Users/Kai/Desktop/Game Jam/w/DinkGameJam2025/DinkGameJam2025/Content/Characters/Mannequins/Materials/Quinn/MI_Quinn_02.uasset" 375
"C:/Users/Kai/Desktop/Game Jam/w/DinkGameJam2025/DinkGameJam2025/Content/Characters/Mannequins/Materials/Quinn/MI_Quinn_02.uexp" 376
"C:/Users/Kai/Desktop/Game Jam/w/DinkGameJam2025/DinkGameJam2025/Content/Characters/Mannequins/Meshes/SKM_Quinn_Simple.uasset" 377
"C:/Users/Kai/Desktop/Game Jam/w/DinkGameJam2025/DinkGameJam2025/Content/Characters/Mannequins/Meshes/SKM_Quinn_Simple.uexp" 378
"../../../Engine/Plugins/Animation/ControlRig/Content/Controls/DefaultGizmoLibraryNormalized.uasset" 379
"../../../Engine/Plugins/Animation/ControlRig/Content/Controls/DefaultGizmoLibraryNormalized.uexp" 380
"C:/Users/Kai/Desktop/Game Jam/w/DinkGameJam2025/DinkGameJam2025/Content/Characters/Mannequins/Rigs/CR_Mannequin_FootIK.uasset" 381
"C:/Users/Kai/Desktop/Game Jam/w/DinkGameJam2025/DinkGameJam2025/Content/Characters/Mannequins/Rigs/CR_Mannequin_FootIK.uexp" 382
"../../../Engine/Content/Animation/DefaultVariableFrameStrippingSettings.uasset" 383
"../../../Engine/Content/Animation/DefaultVariableFrameStrippingSettings.uexp" 384
"../../../Engine/Content/Animation/DefaultAnimCurveCompressionSettings.uasset" 385
"../../../Engine/Content/Animation/DefaultAnimCurveCompressionSettings.uexp" 386
"../../../Engine/Content/Animation/DefaultAnimBoneCompressionSettings.uasset" 387
"../../../Engine/Content/Animation/DefaultAnimBoneCompressionSettings.uexp" 388
"C:/Users/Kai/Desktop/Game Jam/w/DinkGameJam2025/DinkGameJam2025/Content/Characters/Mannequins/Anims/Unarmed/MM_Idle.uasset" 389
"C:/Users/Kai/Desktop/Game Jam/w/DinkGameJam2025/DinkGameJam2025/Content/Characters/Mannequins/Anims/Unarmed/MM_Idle.uexp" 390
"../../../Engine/Plugins/Animation/ACLPlugin/Content/ACLAnimCurveCompressionSettings.uasset" 391
"../../../Engine/Plugins/Animation/ACLPlugin/Content/ACLAnimCurveCompressionSettings.uexp" 392
"C:/Users/Kai/Desktop/Game Jam/w/DinkGameJam2025/DinkGameJam2025/Content/Characters/Mannequins/Anims/Unarmed/Walk/MF_Unarmed_Walk_Right.uasset" 393
"C:/Users/Kai/Desktop/Game Jam/w/DinkGameJam2025/DinkGameJam2025/Content/Characters/Mannequins/Anims/Unarmed/Walk/MF_Unarmed_Walk_Right.uexp" 394
"C:/Users/Kai/Desktop/Game Jam/w/DinkGameJam2025/DinkGameJam2025/Content/Characters/Mannequins/Anims/Unarmed/Walk/MF_Unarmed_Walk_Left.uasset" 395
"C:/Users/Kai/Desktop/Game Jam/w/DinkGameJam2025/DinkGameJam2025/Content/Characters/Mannequins/Anims/Unarmed/Walk/MF_Unarmed_Walk_Left.uexp" 396
"C:/Users/Kai/Desktop/Game Jam/w/DinkGameJam2025/DinkGameJam2025/Content/Characters/Mannequins/Anims/Unarmed/Walk/MF_Unarmed_Walk_Fwd.uasset" 397
"C:/Users/Kai/Desktop/Game Jam/w/DinkGameJam2025/DinkGameJam2025/Content/Characters/Mannequins/Anims/Unarmed/Walk/MF_Unarmed_Walk_Fwd.uexp" 398
"C:/Users/Kai/Desktop/Game Jam/w/DinkGameJam2025/DinkGameJam2025/Content/Characters/Mannequins/Anims/Unarmed/Walk/MF_Unarmed_Walk_Bwd.uasset" 399
"C:/Users/Kai/Desktop/Game Jam/w/DinkGameJam2025/DinkGameJam2025/Content/Characters/Mannequins/Anims/Unarmed/Walk/MF_Unarmed_Walk_Bwd.uexp" 400
"C:/Users/Kai/Desktop/Game Jam/w/DinkGameJam2025/DinkGameJam2025/Content/Characters/Mannequins/Anims/Unarmed/Jog/MF_Unarmed_Jog_Bwd.uasset" 401
"C:/Users/Kai/Desktop/Game Jam/w/DinkGameJam2025/DinkGameJam2025/Content/Characters/Mannequins/Anims/Unarmed/Jog/MF_Unarmed_Jog_Bwd.uexp" 402
"C:/Users/Kai/Desktop/Game Jam/w/DinkGameJam2025/DinkGameJam2025/Content/Characters/Mannequins/Anims/Unarmed/Jog/MF_Unarmed_Jog_Fwd.uasset" 403
"C:/Users/Kai/Desktop/Game Jam/w/DinkGameJam2025/DinkGameJam2025/Content/Characters/Mannequins/Anims/Unarmed/Jog/MF_Unarmed_Jog_Fwd.uexp" 404
"C:/Users/Kai/Desktop/Game Jam/w/DinkGameJam2025/DinkGameJam2025/Content/Characters/Mannequins/Anims/Unarmed/Jog/MF_Unarmed_Jog_Left.uasset" 405
"C:/Users/Kai/Desktop/Game Jam/w/DinkGameJam2025/DinkGameJam2025/Content/Characters/Mannequins/Anims/Unarmed/Jog/MF_Unarmed_Jog_Left.uexp" 406
"C:/Users/Kai/Desktop/Game Jam/w/DinkGameJam2025/DinkGameJam2025/Content/Characters/Mannequins/Anims/Unarmed/Jog/MF_Unarmed_Jog_Right.uasset" 407
"C:/Users/Kai/Desktop/Game Jam/w/DinkGameJam2025/DinkGameJam2025/Content/Characters/Mannequins/Anims/Unarmed/Jog/MF_Unarmed_Jog_Right.uexp" 408
"C:/Users/Kai/Desktop/Game Jam/w/DinkGameJam2025/DinkGameJam2025/Content/Characters/Mannequins/Anims/Unarmed/BS_Idle_Walk_Run.uasset" 409
"C:/Users/Kai/Desktop/Game Jam/w/DinkGameJam2025/DinkGameJam2025/Content/Characters/Mannequins/Anims/Unarmed/BS_Idle_Walk_Run.uexp" 410
"C:/Users/Kai/Desktop/Game Jam/w/DinkGameJam2025/DinkGameJam2025/Content/Characters/Mannequins/Anims/Unarmed/Jump/MM_Land.uasset" 411
"C:/Users/Kai/Desktop/Game Jam/w/DinkGameJam2025/DinkGameJam2025/Content/Characters/Mannequins/Anims/Unarmed/Jump/MM_Land.uexp" 412
"C:/Users/Kai/Desktop/Game Jam/w/DinkGameJam2025/DinkGameJam2025/Content/Characters/Mannequins/Anims/Unarmed/Jump/MM_Jump.uasset" 413
"C:/Users/Kai/Desktop/Game Jam/w/DinkGameJam2025/DinkGameJam2025/Content/Characters/Mannequins/Anims/Unarmed/Jump/MM_Jump.uexp" 414
"C:/Users/Kai/Desktop/Game Jam/w/DinkGameJam2025/DinkGameJam2025/Content/Characters/Mannequins/Anims/Unarmed/Jump/MM_Fall_Loop.uasset" 415
"C:/Users/Kai/Desktop/Game Jam/w/DinkGameJam2025/DinkGameJam2025/Content/Characters/Mannequins/Anims/Unarmed/Jump/MM_Fall_Loop.uexp" 416
"C:/Users/Kai/Desktop/Game Jam/w/DinkGameJam2025/DinkGameJam2025/Content/Characters/Mannequins/Anims/Unarmed/ABP_Unarmed.uasset" 417
"C:/Users/Kai/Desktop/Game Jam/w/DinkGameJam2025/DinkGameJam2025/Content/Characters/Mannequins/Anims/Unarmed/ABP_Unarmed.uexp" 418
"../../../Engine/Content/EngineResources/AICON-Green.uasset" 419
"../../../Engine/Content/EngineResources/AICON-Green.uexp" 420
"C:/Users/Kai/Desktop/Game Jam/w/DinkGameJam2025/DinkGameJam2025/Content/ai_dying/Dysintergrate.uasset" 421
"C:/Users/Kai/Desktop/Game Jam/w/DinkGameJam2025/DinkGameJam2025/Content/ai_dying/Dysintergrate.uexp" 422
"C:/Users/Kai/Desktop/Game Jam/w/DinkGameJam2025/DinkGameJam2025/Content/ai_dying/Texture.uasset" 423
"C:/Users/Kai/Desktop/Game Jam/w/DinkGameJam2025/DinkGameJam2025/Content/ai_dying/Texture.uexp" 424
"C:/Users/Kai/Desktop/Game Jam/w/DinkGameJam2025/DinkGameJam2025/Content/ai_dying/Texture_Inst.uasset" 425
"C:/Users/Kai/Desktop/Game Jam/w/DinkGameJam2025/DinkGameJam2025/Content/ai_dying/Texture_Inst.uexp" 426
"../../../Engine/Content/EngineMaterials/T_Default_Material_Grid_M.ubulk" 427
"../../../Engine/Content/EngineMaterials/T_Default_Material_Grid_M.uasset" 428
"../../../Engine/Content/EngineMaterials/T_Default_Material_Grid_M.uexp" 429
"../../../Engine/Content/Functions/Engine_MaterialFunctions01/Opacity/CameraDepthFade.uasset" 430
"../../../Engine/Content/Functions/Engine_MaterialFunctions01/Opacity/CameraDepthFade.uexp" 431
"../../../Engine/Content/EngineMaterials/T_Default_Material_Grid_N.ubulk" 432
"../../../Engine/Content/EngineMaterials/T_Default_Material_Grid_N.uasset" 433
"../../../Engine/Content/EngineMaterials/T_Default_Material_Grid_N.uexp" 434
"../../../Engine/Content/EngineMaterials/WorldGridMaterial.uasset" 435
"../../../Engine/Content/EngineMaterials/WorldGridMaterial.uexp" 436
"C:/Users/Kai/Desktop/Game Jam/w/DinkGameJam2025/DinkGameJam2025/Content/_GENERATED/Kai/CubeGridToolOutput_BAA591CD.ubulk" 437
"C:/Users/Kai/Desktop/Game Jam/w/DinkGameJam2025/DinkGameJam2025/Content/_GENERATED/Kai/CubeGridToolOutput_BAA591CD.uasset" 438
"C:/Users/Kai/Desktop/Game Jam/w/DinkGameJam2025/DinkGameJam2025/Content/_GENERATED/Kai/CubeGridToolOutput_BAA591CD.uexp" 439
"C:/Users/Kai/Desktop/Game Jam/w/DinkGameJam2025/DinkGameJam2025/Content/Pickups/Sweet.uasset" 440
"C:/Users/Kai/Desktop/Game Jam/w/DinkGameJam2025/DinkGameJam2025/Content/Pickups/Sweet.uexp" 441
"C:/Users/Kai/Desktop/Game Jam/w/DinkGameJam2025/DinkGameJam2025/Content/ThirdPerson/Blueprints/BP_EnemyCharacter.uasset" 442
"C:/Users/Kai/Desktop/Game Jam/w/DinkGameJam2025/DinkGameJam2025/Content/ThirdPerson/Blueprints/BP_EnemyCharacter.uexp" 443
"C:/Users/Kai/Desktop/Game Jam/w/DinkGameJam2025/DinkGameJam2025/Content/Input/Actions/IA_MouseLook.uasset" 444
"C:/Users/Kai/Desktop/Game Jam/w/DinkGameJam2025/DinkGameJam2025/Content/Input/Actions/IA_MouseLook.uexp" 445
"C:/Users/Kai/Desktop/Game Jam/w/DinkGameJam2025/DinkGameJam2025/Content/Input/IMC_MouseLook.uasset" 446
"C:/Users/Kai/Desktop/Game Jam/w/DinkGameJam2025/DinkGameJam2025/Content/Input/IMC_MouseLook.uexp" 447
"C:/Users/Kai/Desktop/Game Jam/w/DinkGameJam2025/DinkGameJam2025/Content/Input/Actions/IA_Jump.uasset" 448
"C:/Users/Kai/Desktop/Game Jam/w/DinkGameJam2025/DinkGameJam2025/Content/Input/Actions/IA_Jump.uexp" 449
"C:/Users/Kai/Desktop/Game Jam/w/DinkGameJam2025/DinkGameJam2025/Content/Input/Actions/IA_Look.uasset" 450
"C:/Users/Kai/Desktop/Game Jam/w/DinkGameJam2025/DinkGameJam2025/Content/Input/Actions/IA_Look.uexp" 451
"C:/Users/Kai/Desktop/Game Jam/w/DinkGameJam2025/DinkGameJam2025/Content/Input/Actions/IA_Move.uasset" 452
"C:/Users/Kai/Desktop/Game Jam/w/DinkGameJam2025/DinkGameJam2025/Content/Input/Actions/IA_Move.uexp" 453
"C:/Users/Kai/Desktop/Game Jam/w/DinkGameJam2025/DinkGameJam2025/Content/Input/IMC_Default.uasset" 454
"C:/Users/Kai/Desktop/Game Jam/w/DinkGameJam2025/DinkGameJam2025/Content/Input/IMC_Default.uexp" 455
"../../../Engine/Content/MobileResources/HUD/VirtualJoystick_Thumb.uasset" 456
"../../../Engine/Content/MobileResources/HUD/VirtualJoystick_Thumb.uexp" 457
"../../../Engine/Content/MobileResources/HUD/VirtualJoystick_Background.uasset" 458
"../../../Engine/Content/MobileResources/HUD/VirtualJoystick_Background.uexp" 459
"C:/Users/Kai/Desktop/Game Jam/w/DinkGameJam2025/DinkGameJam2025/Content/Input/Touch/UI_Thumbstick.uasset" 460
"C:/Users/Kai/Desktop/Game Jam/w/DinkGameJam2025/DinkGameJam2025/Content/Input/Touch/UI_Thumbstick.uexp" 461
"C:/Users/Kai/Desktop/Game Jam/w/DinkGameJam2025/DinkGameJam2025/Content/Input/Touch/UI_TouchSimple.uasset" 462
"C:/Users/Kai/Desktop/Game Jam/w/DinkGameJam2025/DinkGameJam2025/Content/Input/Touch/UI_TouchSimple.uexp" 463
"C:/Users/Kai/Desktop/Game Jam/w/DinkGameJam2025/DinkGameJam2025/Content/UI/Score.uasset" 464
"C:/Users/Kai/Desktop/Game Jam/w/DinkGameJam2025/DinkGameJam2025/Content/UI/Score.uexp" 465
"C:/Users/Kai/Desktop/Game Jam/w/DinkGameJam2025/DinkGameJam2025/Content/ThirdPerson/Blueprints/BP_ThirdPersonCharacter.uasset" 466
"C:/Users/Kai/Desktop/Game Jam/w/DinkGameJam2025/DinkGameJam2025/Content/ThirdPerson/Blueprints/BP_ThirdPersonCharacter.uexp" 467
"C:/Users/Kai/Desktop/Game Jam/w/DinkGameJam2025/DinkGameJam2025/Content/ThirdPerson/Blueprints/BP_ThirdPersonGameMode.uasset" 468
"C:/Users/Kai/Desktop/Game Jam/w/DinkGameJam2025/DinkGameJam2025/Content/ThirdPerson/Blueprints/BP_ThirdPersonGameMode.uexp" 469
"../../../Engine/Content/MobileResources/HUD/DefaultVirtualJoysticks.uasset" 470
"../../../Engine/Content/MobileResources/HUD/DefaultVirtualJoysticks.uexp" 471
"../../../Engine/Content/EngineResources/FilmGrains/Marcie_Grain_v3_128_M2_000.uasset" 472
"../../../Engine/Content/EngineResources/FilmGrains/Marcie_Grain_v3_128_M2_000.uexp" 473
"../../../Engine/Content/EngineResources/Development/ZenLogo_64.uasset" 474
"../../../Engine/Content/EngineResources/Development/ZenLogo_64.uexp" 475
"../../../Engine/Content/EngineMaterials/LTC/Sheen_LTC.uasset" 476
"../../../Engine/Content/EngineMaterials/LTC/Sheen_LTC.uexp" 477
"../../../Engine/Content/EngineMaterials/LTC/GGX_LTCMat.uasset" 478
"../../../Engine/Content/EngineMaterials/LTC/GGX_LTCMat.uexp" 479
"../../../Engine/Content/EngineMaterials/LTC/GGX_LTCAmp.uasset" 480
"../../../Engine/Content/EngineMaterials/LTC/GGX_LTCAmp.uexp" 481
"../../../Engine/Content/EngineMaterials/EnergyConservation/Sheen_Energy.uasset" 482
"../../../Engine/Content/EngineMaterials/EnergyConservation/Sheen_Energy.uexp" 483
"../../../Engine/Content/EngineMaterials/EnergyConservation/SheenLegacy_Energy.uasset" 484
"../../../Engine/Content/EngineMaterials/EnergyConservation/SheenLegacy_Energy.uexp" 485
"../../../Engine/Content/EngineMaterials/EnergyConservation/GGX_TransmissionEnergyArray.uasset" 486
"../../../Engine/Content/EngineMaterials/EnergyConservation/GGX_TransmissionEnergyArray.uexp" 487
"../../../Engine/Content/EngineMaterials/EnergyConservation/GGX_ReflectionEnergy.uasset" 488
"../../../Engine/Content/EngineMaterials/EnergyConservation/GGX_ReflectionEnergy.uexp" 489
"../../../Engine/Content/EngineMaterials/EnergyConservation/Diffuse_Energy.uasset" 490
"../../../Engine/Content/EngineMaterials/EnergyConservation/Diffuse_Energy.uexp" 491
"../../../Engine/Content/EditorResources/SequenceRecorder/RecordingIndicator.uasset" 492
"../../../Engine/Content/EditorResources/SequenceRecorder/RecordingIndicator.uexp" 493
"../../../Engine/Content/EditorResources/SequenceRecorder/Countdown.uasset" 494
"../../../Engine/Content/EditorResources/SequenceRecorder/Countdown.uexp" 495
"../../../Engine/Content/EditorMaterials/ParticleSystems/PSysThumbnail_OOD.ubulk" 496
"../../../Engine/Content/EditorMaterials/ParticleSystems/PSysThumbnail_OOD.uasset" 497
"../../../Engine/Content/EditorMaterials/ParticleSystems/PSysThumbnail_OOD.uexp" 498
"../../../Engine/Content/EditorMaterials/ParticleSystems/PSysThumbnail_NoImage.ubulk" 499
"../../../Engine/Content/EditorMaterials/ParticleSystems/PSysThumbnail_NoImage.uasset" 500
"../../../Engine/Content/EditorMaterials/ParticleSystems/PSysThumbnail_NoImage.uexp" 501
"../../../Engine/Content/EditorMaterials/Dataflow/DataflowVertexMaterial.uasset" 502
"../../../Engine/Content/EditorMaterials/Dataflow/DataflowVertexMaterial.uexp" 503
"../../../Engine/Content/EditorMaterials/Dataflow/DataflowTwoSidedVertexMaterial.uasset" 504
"../../../Engine/Content/EditorMaterials/Dataflow/DataflowTwoSidedVertexMaterial.uexp" 505
"../../../Engine/Content/Functions/Engine_MaterialFunctions01/Shading/PowerToRoughness.uasset" 506
"../../../Engine/Content/Functions/Engine_MaterialFunctions01/Shading/PowerToRoughness.uexp" 507
"../../../Engine/Content/Functions/Engine_MaterialFunctions01/Shading/ConvertFromDiffSpec.uasset" 508
"../../../Engine/Content/Functions/Engine_MaterialFunctions01/Shading/ConvertFromDiffSpec.uexp" 509
"../../../Engine/Plugins/Runtime/HairStrands/Content/Materials/HairCardsDefaultMaterial.uasset" 510
"../../../Engine/Plugins/Runtime/HairStrands/Content/Materials/HairCardsDefaultMaterial.uexp" 511
"../../../Engine/Content/Functions/Engine_MaterialFunctions02/Utility/MakeFloat2.uasset" 512
"../../../Engine/Content/Functions/Engine_MaterialFunctions02/Utility/MakeFloat2.uexp" 513
"../../../Engine/Content/Functions/Engine_MaterialFunctions02/Utility/MakeFloat3.uasset" 514
"../../../Engine/Content/Functions/Engine_MaterialFunctions02/Utility/MakeFloat3.uexp" 515
"../../../Engine/Content/EngineMaterials/HairDebugColor.uasset" 516
"../../../Engine/Content/EngineMaterials/HairDebugColor.uexp" 517
"../../../Engine/Content/EngineMaterials/HairColorMap.uasset" 518
"../../../Engine/Content/EngineMaterials/HairColorMap.uexp" 519
"../../../Engine/Plugins/Runtime/HairStrands/Content/Materials/HairGroupColors.uasset" 520
"../../../Engine/Plugins/Runtime/HairStrands/Content/Materials/HairGroupColors.uexp" 521
"../../../Engine/Plugins/Runtime/HairStrands/Content/Materials/HairDebugMaterial.uasset" 522
"../../../Engine/Plugins/Runtime/HairStrands/Content/Materials/HairDebugMaterial.uexp" 523
"../../../Engine/Plugins/Runtime/HairStrands/Content/Materials/HairDefaultMaterial.uasset" 524
"../../../Engine/Plugins/Runtime/HairStrands/Content/Materials/HairDefaultMaterial.uexp" 525
"../../../Engine/Plugins/Runtime/HairStrands/Content/Materials/HairMeshesDefaultMaterial.uasset" 526
"../../../Engine/Plugins/Runtime/HairStrands/Content/Materials/HairMeshesDefaultMaterial.uexp" 527
"../../../Engine/Plugins/VirtualProduction/CameraCalibrationCore/Content/Materials/M_DefaultEvenSquare.uasset" 528
"../../../Engine/Plugins/VirtualProduction/CameraCalibrationCore/Content/Materials/M_DefaultEvenSquare.uexp" 529
"../../../Engine/Plugins/VirtualProduction/CameraCalibrationCore/Content/Materials/M_DefaultOddSquare.uasset" 530
"../../../Engine/Plugins/VirtualProduction/CameraCalibrationCore/Content/Materials/M_DefaultOddSquare.uexp" 531
"../../../Engine/Content/BasicShapes/BasicShapeMaterial.uasset" 532
"../../../Engine/Content/BasicShapes/BasicShapeMaterial.uexp" 533
"../../../Engine/Plugins/Animation/ControlRig/Content/M_Manip.uasset" 534
"../../../Engine/Plugins/Animation/ControlRig/Content/M_Manip.uexp" 535
"../../../Engine/Content/EngineMeshes/Sphere.ubulk" 536
"../../../Engine/Content/EngineMeshes/Sphere.uasset" 537
"../../../Engine/Content/EngineMeshes/Sphere.uexp" 538
"../../../Engine/Content/ArtTools/RenderToTexture/Meshes/S_1_Unit_Plane.ubulk" 539
"../../../Engine/Content/ArtTools/RenderToTexture/Meshes/S_1_Unit_Plane.uasset" 540
"../../../Engine/Content/ArtTools/RenderToTexture/Meshes/S_1_Unit_Plane.uexp" 541
"../../../Engine/Content/EngineMaterials/Substrate/GLints/AGlintTex2dArray.uasset" 542
"../../../Engine/Content/EngineMaterials/Substrate/GLints/AGlintTex2dArray.uexp" 543
"../../../Engine/Content/EngineMaterials/Substrate/Glints2/AGlintTex2dArray2.uasset" 544
"../../../Engine/Content/EngineMaterials/Substrate/Glints2/AGlintTex2dArray2.uexp" 545
"../../../Engine/Content/EditorMaterials/Camera/CineMat.uasset" 546
"../../../Engine/Content/EditorMaterials/Camera/CineMat.uexp" 547
"../../../Engine/Content/EditorMaterials/Camera/MI_CineMat_Rig.uasset" 548
"../../../Engine/Content/EditorMaterials/Camera/MI_CineMat_Rig.uexp" 549
"../../../Engine/Content/EditorMeshes/Camera/SM_CraneRig_Arm.ubulk" 550
"../../../Engine/Content/EditorMeshes/Camera/SM_CraneRig_Arm.uasset" 551
"../../../Engine/Content/EditorMeshes/Camera/SM_CraneRig_Arm.uexp" 552
"../../../Engine/Content/EditorMeshes/Camera/SM_CraneRig_Base.ubulk" 553
"../../../Engine/Content/EditorMeshes/Camera/SM_CraneRig_Base.uasset" 554
"../../../Engine/Content/EditorMeshes/Camera/SM_CraneRig_Base.uexp" 555
"../../../Engine/Content/EditorMeshes/Camera/SM_CraneRig_Body.ubulk" 556
"../../../Engine/Content/EditorMeshes/Camera/SM_CraneRig_Body.uasset" 557
"../../../Engine/Content/EditorMeshes/Camera/SM_CraneRig_Body.uexp" 558
"../../../Engine/Content/EditorMeshes/Camera/SM_CraneRig_Mount.ubulk" 559
"../../../Engine/Content/EditorMeshes/Camera/SM_CraneRig_Mount.uasset" 560
"../../../Engine/Content/EditorMeshes/Camera/SM_CraneRig_Mount.uexp" 561
"../../../Engine/Content/EditorMeshes/Camera/SM_RailRig_Mount.ubulk" 562
"../../../Engine/Content/EditorMeshes/Camera/SM_RailRig_Mount.uasset" 563
"../../../Engine/Content/EditorMeshes/Camera/SM_RailRig_Mount.uexp" 564
"../../../Engine/Content/EditorMeshes/Camera/SM_RailRig_Track.ubulk" 565
"../../../Engine/Content/EditorMeshes/Camera/SM_RailRig_Track.uasset" 566
"../../../Engine/Content/EditorMeshes/Camera/SM_RailRig_Track.uexp" 567
"../../../Engine/Content/VREditor/TransformGizmo/TranslucentTransformGizmoMaterial.uasset" 568
"../../../Engine/Content/VREditor/TransformGizmo/TranslucentTransformGizmoMaterial.uexp" 569
"../../../Engine/Content/VREditor/LaserPointer/VR_LaserPower_01.ubulk" 570
"../../../Engine/Content/VREditor/LaserPointer/VR_LaserPower_01.uasset" 571
"../../../Engine/Content/VREditor/LaserPointer/VR_LaserPower_01.uexp" 572
"../../../Engine/Content/VREditor/TransformGizmo/TransformGizmoMaterial.uasset" 573
"../../../Engine/Content/VREditor/TransformGizmo/TransformGizmoMaterial.uexp" 574
"../../../Engine/Content/VREditor/TransformGizmo/BoundingBoxCorner.ubulk" 575
"../../../Engine/Content/VREditor/TransformGizmo/BoundingBoxCorner.uasset" 576
"../../../Engine/Content/VREditor/TransformGizmo/BoundingBoxCorner.uexp" 577
"../../../Engine/Content/VREditor/TransformGizmo/BoundingBoxEdge.ubulk" 578
"../../../Engine/Content/VREditor/TransformGizmo/BoundingBoxEdge.uasset" 579
"../../../Engine/Content/VREditor/TransformGizmo/BoundingBoxEdge.uexp" 580
"../../../Engine/Content/VREditor/TransformGizmo/Xray.uasset" 581
"../../../Engine/Content/VREditor/TransformGizmo/Xray.uexp" 582
"../../../Engine/Content/VREditor/TransformGizmo/Main.uasset" 583
"../../../Engine/Content/VREditor/TransformGizmo/Main.uexp" 584
"../../../Engine/Content/VREditor/TransformGizmo/SM_Sequencer_Node.ubulk" 585
"../../../Engine/Content/VREditor/TransformGizmo/SM_Sequencer_Node.uasset" 586
"../../../Engine/Content/VREditor/TransformGizmo/SM_Sequencer_Node.uexp" 587
"../../../Engine/Content/EditorLandscapeResources/SplineEditorMeshMat.uasset" 588
"../../../Engine/Content/EditorLandscapeResources/SplineEditorMeshMat.uexp" 589
"../../../Engine/Content/EditorLandscapeResources/SplineEditorMesh.ubulk" 590
"../../../Engine/Content/EditorLandscapeResources/SplineEditorMesh.uasset" 591
"../../../Engine/Content/EditorLandscapeResources/SplineEditorMesh.uexp" 592
"../../../Engine/Content/EngineMaterials/WeightMapPlaceholderTexture.uasset" 593
"../../../Engine/Content/EngineMaterials/WeightMapPlaceholderTexture.uexp" 594
"../../../Engine/Content/EngineMaterials/WeightMapArrayPlaceholderTexture.uasset" 595
"../../../Engine/Content/EngineMaterials/WeightMapArrayPlaceholderTexture.uexp" 596
"../../../Engine/Plugins/Animation/ControlRig/Content/Controls/ControlRig_Arrow2_1mm.ubulk" 597
"../../../Engine/Plugins/Animation/ControlRig/Content/Controls/ControlRig_Arrow2_1mm.uasset" 598
"../../../Engine/Plugins/Animation/ControlRig/Content/Controls/ControlRig_Arrow2_1mm.uexp" 599
"../../../Engine/Plugins/Animation/ControlRig/Content/Controls/ControlRig_Arrow2_3mm.ubulk" 600
"../../../Engine/Plugins/Animation/ControlRig/Content/Controls/ControlRig_Arrow2_3mm.uasset" 601
"../../../Engine/Plugins/Animation/ControlRig/Content/Controls/ControlRig_Arrow2_3mm.uexp" 602
"../../../Engine/Plugins/Animation/ControlRig/Content/Controls/ControlRig_Arrow2_solid.ubulk" 603
"../../../Engine/Plugins/Animation/ControlRig/Content/Controls/ControlRig_Arrow2_solid.uasset" 604
"../../../Engine/Plugins/Animation/ControlRig/Content/Controls/ControlRig_Arrow2_solid.uexp" 605
"../../../Engine/Plugins/Animation/ControlRig/Content/Controls/ControlRig_Arrow4_1mm.ubulk" 606
"../../../Engine/Plugins/Animation/ControlRig/Content/Controls/ControlRig_Arrow4_1mm.uasset" 607
"../../../Engine/Plugins/Animation/ControlRig/Content/Controls/ControlRig_Arrow4_1mm.uexp" 608
"../../../Engine/Plugins/Animation/ControlRig/Content/Controls/ControlRig_Arrow4_3mm.ubulk" 609
"../../../Engine/Plugins/Animation/ControlRig/Content/Controls/ControlRig_Arrow4_3mm.uasset" 610
"../../../Engine/Plugins/Animation/ControlRig/Content/Controls/ControlRig_Arrow4_3mm.uexp" 611
"../../../Engine/Plugins/Animation/ControlRig/Content/Controls/ControlRig_Arrow4_solid.ubulk" 612
"../../../Engine/Plugins/Animation/ControlRig/Content/Controls/ControlRig_Arrow4_solid.uasset" 613
"../../../Engine/Plugins/Animation/ControlRig/Content/Controls/ControlRig_Arrow4_solid.uexp" 614
"../../../Engine/Plugins/Animation/ControlRig/Content/Controls/ControlRig_Arrow_1mm.ubulk" 615
"../../../Engine/Plugins/Animation/ControlRig/Content/Controls/ControlRig_Arrow_1mm.uasset" 616
"../../../Engine/Plugins/Animation/ControlRig/Content/Controls/ControlRig_Arrow_1mm.uexp" 617
"../../../Engine/Plugins/Animation/ControlRig/Content/Controls/ControlRig_Arrow_3mm.ubulk" 618
"../../../Engine/Plugins/Animation/ControlRig/Content/Controls/ControlRig_Arrow_3mm.uasset" 619
"../../../Engine/Plugins/Animation/ControlRig/Content/Controls/ControlRig_Arrow_3mm.uexp" 620
"../../../Engine/Plugins/Animation/ControlRig/Content/Controls/ControlRig_Arrow_solid.ubulk" 621
"../../../Engine/Plugins/Animation/ControlRig/Content/Controls/ControlRig_Arrow_solid.uasset" 622
"../../../Engine/Plugins/Animation/ControlRig/Content/Controls/ControlRig_Arrow_solid.uexp" 623
"../../../Engine/Plugins/Animation/ControlRig/Content/Controls/ControlRig_Box_1mm.ubulk" 624
"../../../Engine/Plugins/Animation/ControlRig/Content/Controls/ControlRig_Box_1mm.uasset" 625
"../../../Engine/Plugins/Animation/ControlRig/Content/Controls/ControlRig_Box_1mm.uexp" 626
"../../../Engine/Plugins/Animation/ControlRig/Content/Controls/ControlRig_Box_3mm.ubulk" 627
"../../../Engine/Plugins/Animation/ControlRig/Content/Controls/ControlRig_Box_3mm.uasset" 628
"../../../Engine/Plugins/Animation/ControlRig/Content/Controls/ControlRig_Box_3mm.uexp" 629
"../../../Engine/Plugins/Animation/ControlRig/Content/Controls/ControlRig_Box_solid.ubulk" 630
"../../../Engine/Plugins/Animation/ControlRig/Content/Controls/ControlRig_Box_solid.uasset" 631
"../../../Engine/Plugins/Animation/ControlRig/Content/Controls/ControlRig_Box_solid.uexp" 632
"../../../Engine/Plugins/Animation/ControlRig/Content/Controls/ControlRig_Circle_1mm.ubulk" 633
"../../../Engine/Plugins/Animation/ControlRig/Content/Controls/ControlRig_Circle_1mm.uasset" 634
"../../../Engine/Plugins/Animation/ControlRig/Content/Controls/ControlRig_Circle_1mm.uexp" 635
"../../../Engine/Plugins/Animation/ControlRig/Content/Controls/ControlRig_Circle_3mm.ubulk" 636
"../../../Engine/Plugins/Animation/ControlRig/Content/Controls/ControlRig_Circle_3mm.uasset" 637
"../../../Engine/Plugins/Animation/ControlRig/Content/Controls/ControlRig_Circle_3mm.uexp" 638
"../../../Engine/Plugins/Animation/ControlRig/Content/Controls/ControlRig_Circle_solid.ubulk" 639
"../../../Engine/Plugins/Animation/ControlRig/Content/Controls/ControlRig_Circle_solid.uasset" 640
"../../../Engine/Plugins/Animation/ControlRig/Content/Controls/ControlRig_Circle_solid.uexp" 641
"../../../Engine/Plugins/Animation/ControlRig/Content/Controls/ControlRig_Diamond_1mm.ubulk" 642
"../../../Engine/Plugins/Animation/ControlRig/Content/Controls/ControlRig_Diamond_1mm.uasset" 643
"../../../Engine/Plugins/Animation/ControlRig/Content/Controls/ControlRig_Diamond_1mm.uexp" 644
"../../../Engine/Plugins/Animation/ControlRig/Content/Controls/ControlRig_Diamond_3mm.ubulk" 645
"../../../Engine/Plugins/Animation/ControlRig/Content/Controls/ControlRig_Diamond_3mm.uasset" 646
"../../../Engine/Plugins/Animation/ControlRig/Content/Controls/ControlRig_Diamond_3mm.uexp" 647
"../../../Engine/Plugins/Animation/ControlRig/Content/Controls/ControlRig_Diamond_solid.ubulk" 648
"../../../Engine/Plugins/Animation/ControlRig/Content/Controls/ControlRig_Diamond_solid.uasset" 649
"../../../Engine/Plugins/Animation/ControlRig/Content/Controls/ControlRig_Diamond_solid.uexp" 650
"../../../Engine/Plugins/Animation/ControlRig/Content/Controls/ControlRig_HalfCircle_1mm.ubulk" 651
"../../../Engine/Plugins/Animation/ControlRig/Content/Controls/ControlRig_HalfCircle_1mm.uasset" 652
"../../../Engine/Plugins/Animation/ControlRig/Content/Controls/ControlRig_HalfCircle_1mm.uexp" 653
"../../../Engine/Plugins/Animation/ControlRig/Content/Controls/ControlRig_HalfCircle_3mm.ubulk" 654
"../../../Engine/Plugins/Animation/ControlRig/Content/Controls/ControlRig_HalfCircle_3mm.uasset" 655
"../../../Engine/Plugins/Animation/ControlRig/Content/Controls/ControlRig_HalfCircle_3mm.uexp" 656
"../../../Engine/Plugins/Animation/ControlRig/Content/Controls/ControlRig_HalfCircle_solid.ubulk" 657
"../../../Engine/Plugins/Animation/ControlRig/Content/Controls/ControlRig_HalfCircle_solid.uasset" 658
"../../../Engine/Plugins/Animation/ControlRig/Content/Controls/ControlRig_HalfCircle_solid.uexp" 659
"../../../Engine/Plugins/Animation/ControlRig/Content/Controls/ControlRig_Hexagon_1mm.ubulk" 660
"../../../Engine/Plugins/Animation/ControlRig/Content/Controls/ControlRig_Hexagon_1mm.uasset" 661
"../../../Engine/Plugins/Animation/ControlRig/Content/Controls/ControlRig_Hexagon_1mm.uexp" 662
"../../../Engine/Plugins/Animation/ControlRig/Content/Controls/ControlRig_Hexagon_3mm.ubulk" 663
"../../../Engine/Plugins/Animation/ControlRig/Content/Controls/ControlRig_Hexagon_3mm.uasset" 664
"../../../Engine/Plugins/Animation/ControlRig/Content/Controls/ControlRig_Hexagon_3mm.uexp" 665
"../../../Engine/Plugins/Animation/ControlRig/Content/Controls/ControlRig_Hexagon_solid.ubulk" 666
"../../../Engine/Plugins/Animation/ControlRig/Content/Controls/ControlRig_Hexagon_solid.uasset" 667
"../../../Engine/Plugins/Animation/ControlRig/Content/Controls/ControlRig_Hexagon_solid.uexp" 668
"../../../Engine/Plugins/Animation/ControlRig/Content/Controls/ControlRig_Octagon_1mm.ubulk" 669
"../../../Engine/Plugins/Animation/ControlRig/Content/Controls/ControlRig_Octagon_1mm.uasset" 670
"../../../Engine/Plugins/Animation/ControlRig/Content/Controls/ControlRig_Octagon_1mm.uexp" 671
"../../../Engine/Plugins/Animation/ControlRig/Content/Controls/ControlRig_Octagon_3mm.ubulk" 672
"../../../Engine/Plugins/Animation/ControlRig/Content/Controls/ControlRig_Octagon_3mm.uasset" 673
"../../../Engine/Plugins/Animation/ControlRig/Content/Controls/ControlRig_Octagon_3mm.uexp" 674
"../../../Engine/Plugins/Animation/ControlRig/Content/Controls/ControlRig_Octagon_solid.ubulk" 675
"../../../Engine/Plugins/Animation/ControlRig/Content/Controls/ControlRig_Octagon_solid.uasset" 676
"../../../Engine/Plugins/Animation/ControlRig/Content/Controls/ControlRig_Octagon_solid.uexp" 677
"../../../Engine/Plugins/Animation/ControlRig/Content/Controls/ControlRig_Pyramid_1mm.ubulk" 678
"../../../Engine/Plugins/Animation/ControlRig/Content/Controls/ControlRig_Pyramid_1mm.uasset" 679
"../../../Engine/Plugins/Animation/ControlRig/Content/Controls/ControlRig_Pyramid_1mm.uexp" 680
"../../../Engine/Plugins/Animation/ControlRig/Content/Controls/ControlRig_Pyramid_3mm.ubulk" 681
"../../../Engine/Plugins/Animation/ControlRig/Content/Controls/ControlRig_Pyramid_3mm.uasset" 682
"../../../Engine/Plugins/Animation/ControlRig/Content/Controls/ControlRig_Pyramid_3mm.uexp" 683
"../../../Engine/Plugins/Animation/ControlRig/Content/Controls/ControlRig_Pyramid_solid.ubulk" 684
"../../../Engine/Plugins/Animation/ControlRig/Content/Controls/ControlRig_Pyramid_solid.uasset" 685
"../../../Engine/Plugins/Animation/ControlRig/Content/Controls/ControlRig_Pyramid_solid.uexp" 686
"../../../Engine/Plugins/Animation/ControlRig/Content/Controls/ControlRig_QuarterCircle_1mm.ubulk" 687
"../../../Engine/Plugins/Animation/ControlRig/Content/Controls/ControlRig_QuarterCircle_1mm.uasset" 688
"../../../Engine/Plugins/Animation/ControlRig/Content/Controls/ControlRig_QuarterCircle_1mm.uexp" 689
"../../../Engine/Plugins/Animation/ControlRig/Content/Controls/ControlRig_QuarterCircle_3mm.ubulk" 690
"../../../Engine/Plugins/Animation/ControlRig/Content/Controls/ControlRig_QuarterCircle_3mm.uasset" 691
"../../../Engine/Plugins/Animation/ControlRig/Content/Controls/ControlRig_QuarterCircle_3mm.uexp" 692
"../../../Engine/Plugins/Animation/ControlRig/Content/Controls/ControlRig_QuarterCircle_solid.ubulk" 693
"../../../Engine/Plugins/Animation/ControlRig/Content/Controls/ControlRig_QuarterCircle_solid.uasset" 694
"../../../Engine/Plugins/Animation/ControlRig/Content/Controls/ControlRig_QuarterCircle_solid.uexp" 695
"../../../Engine/Plugins/Animation/ControlRig/Content/Controls/ControlRig_RoundedSquare_1mm.ubulk" 696
"../../../Engine/Plugins/Animation/ControlRig/Content/Controls/ControlRig_RoundedSquare_1mm.uasset" 697
"../../../Engine/Plugins/Animation/ControlRig/Content/Controls/ControlRig_RoundedSquare_1mm.uexp" 698
"../../../Engine/Plugins/Animation/ControlRig/Content/Controls/ControlRig_RoundedSquare_3mm.ubulk" 699
"../../../Engine/Plugins/Animation/ControlRig/Content/Controls/ControlRig_RoundedSquare_3mm.uasset" 700
"../../../Engine/Plugins/Animation/ControlRig/Content/Controls/ControlRig_RoundedSquare_3mm.uexp" 701
"../../../Engine/Plugins/Animation/ControlRig/Content/Controls/ControlRig_RoundedSquare_solid.ubulk" 702
"../../../Engine/Plugins/Animation/ControlRig/Content/Controls/ControlRig_RoundedSquare_solid.uasset" 703
"../../../Engine/Plugins/Animation/ControlRig/Content/Controls/ControlRig_RoundedSquare_solid.uexp" 704
"../../../Engine/Plugins/Animation/ControlRig/Content/Controls/ControlRig_RoundedTriangle_1mm.ubulk" 705
"../../../Engine/Plugins/Animation/ControlRig/Content/Controls/ControlRig_RoundedTriangle_1mm.uasset" 706
"../../../Engine/Plugins/Animation/ControlRig/Content/Controls/ControlRig_RoundedTriangle_1mm.uexp" 707
"../../../Engine/Plugins/Animation/ControlRig/Content/Controls/ControlRig_RoundedTriangle_3mm.ubulk" 708
"../../../Engine/Plugins/Animation/ControlRig/Content/Controls/ControlRig_RoundedTriangle_3mm.uasset" 709
"../../../Engine/Plugins/Animation/ControlRig/Content/Controls/ControlRig_RoundedTriangle_3mm.uexp" 710
"../../../Engine/Plugins/Animation/ControlRig/Content/Controls/ControlRig_RoundedTriangle_solid.ubulk" 711
"../../../Engine/Plugins/Animation/ControlRig/Content/Controls/ControlRig_RoundedTriangle_solid.uasset" 712
"../../../Engine/Plugins/Animation/ControlRig/Content/Controls/ControlRig_RoundedTriangle_solid.uexp" 713
"../../../Engine/Plugins/Animation/ControlRig/Content/Controls/ControlRig_Sphere_1mm.ubulk" 714
"../../../Engine/Plugins/Animation/ControlRig/Content/Controls/ControlRig_Sphere_1mm.uasset" 715
"../../../Engine/Plugins/Animation/ControlRig/Content/Controls/ControlRig_Sphere_1mm.uexp" 716
"../../../Engine/Plugins/Animation/ControlRig/Content/Controls/ControlRig_Sphere_3mm.ubulk" 717
"../../../Engine/Plugins/Animation/ControlRig/Content/Controls/ControlRig_Sphere_3mm.uasset" 718
"../../../Engine/Plugins/Animation/ControlRig/Content/Controls/ControlRig_Sphere_3mm.uexp" 719
"../../../Engine/Plugins/Animation/ControlRig/Content/Controls/ControlRig_Sphere_solid.ubulk" 720
"../../../Engine/Plugins/Animation/ControlRig/Content/Controls/ControlRig_Sphere_solid.uasset" 721
"../../../Engine/Plugins/Animation/ControlRig/Content/Controls/ControlRig_Sphere_solid.uexp" 722
"../../../Engine/Plugins/Animation/ControlRig/Content/Controls/ControlRig_Square_1mm.ubulk" 723
"../../../Engine/Plugins/Animation/ControlRig/Content/Controls/ControlRig_Square_1mm.uasset" 724
"../../../Engine/Plugins/Animation/ControlRig/Content/Controls/ControlRig_Square_1mm.uexp" 725
"../../../Engine/Plugins/Animation/ControlRig/Content/Controls/ControlRig_Square_3mm.ubulk" 726
"../../../Engine/Plugins/Animation/ControlRig/Content/Controls/ControlRig_Square_3mm.uasset" 727
"../../../Engine/Plugins/Animation/ControlRig/Content/Controls/ControlRig_Square_3mm.uexp" 728
"../../../Engine/Plugins/Animation/ControlRig/Content/Controls/ControlRig_Square_solid.ubulk" 729
"../../../Engine/Plugins/Animation/ControlRig/Content/Controls/ControlRig_Square_solid.uasset" 730
"../../../Engine/Plugins/Animation/ControlRig/Content/Controls/ControlRig_Square_solid.uexp" 731
"../../../Engine/Plugins/Animation/ControlRig/Content/Controls/ControlRig_Star4_1mm.ubulk" 732
"../../../Engine/Plugins/Animation/ControlRig/Content/Controls/ControlRig_Star4_1mm.uasset" 733
"../../../Engine/Plugins/Animation/ControlRig/Content/Controls/ControlRig_Star4_1mm.uexp" 734
"../../../Engine/Plugins/Animation/ControlRig/Content/Controls/ControlRig_Star4_3mm.ubulk" 735
"../../../Engine/Plugins/Animation/ControlRig/Content/Controls/ControlRig_Star4_3mm.uasset" 736
"../../../Engine/Plugins/Animation/ControlRig/Content/Controls/ControlRig_Star4_3mm.uexp" 737
"../../../Engine/Plugins/Animation/ControlRig/Content/Controls/ControlRig_Star4_solid.ubulk" 738
"../../../Engine/Plugins/Animation/ControlRig/Content/Controls/ControlRig_Star4_solid.uasset" 739
"../../../Engine/Plugins/Animation/ControlRig/Content/Controls/ControlRig_Star4_solid.uexp" 740
"../../../Engine/Plugins/Animation/ControlRig/Content/Controls/ControlRig_Triangle_1mm.ubulk" 741
"../../../Engine/Plugins/Animation/ControlRig/Content/Controls/ControlRig_Triangle_1mm.uasset" 742
"../../../Engine/Plugins/Animation/ControlRig/Content/Controls/ControlRig_Triangle_1mm.uexp" 743
"../../../Engine/Plugins/Animation/ControlRig/Content/Controls/ControlRig_Triangle_3mm.ubulk" 744
"../../../Engine/Plugins/Animation/ControlRig/Content/Controls/ControlRig_Triangle_3mm.uasset" 745
"../../../Engine/Plugins/Animation/ControlRig/Content/Controls/ControlRig_Triangle_3mm.uexp" 746
"../../../Engine/Plugins/Animation/ControlRig/Content/Controls/ControlRig_Triangle_solid.ubulk" 747
"../../../Engine/Plugins/Animation/ControlRig/Content/Controls/ControlRig_Triangle_solid.uasset" 748
"../../../Engine/Plugins/Animation/ControlRig/Content/Controls/ControlRig_Triangle_solid.uexp" 749
"../../../Engine/Plugins/Animation/ControlRig/Content/Controls/ControlRig_Wedge_1mm.ubulk" 750
"../../../Engine/Plugins/Animation/ControlRig/Content/Controls/ControlRig_Wedge_1mm.uasset" 751
"../../../Engine/Plugins/Animation/ControlRig/Content/Controls/ControlRig_Wedge_1mm.uexp" 752
"../../../Engine/Plugins/Animation/ControlRig/Content/Controls/ControlRig_Wedge_3mm.ubulk" 753
"../../../Engine/Plugins/Animation/ControlRig/Content/Controls/ControlRig_Wedge_3mm.uasset" 754
"../../../Engine/Plugins/Animation/ControlRig/Content/Controls/ControlRig_Wedge_3mm.uexp" 755
"../../../Engine/Plugins/Animation/ControlRig/Content/Controls/ControlRig_Wedge_solid.ubulk" 756
"../../../Engine/Plugins/Animation/ControlRig/Content/Controls/ControlRig_Wedge_solid.uasset" 757
"../../../Engine/Plugins/Animation/ControlRig/Content/Controls/ControlRig_Wedge_solid.uexp" 758
"../../../Engine/Content/EngineMaterials/DefaultMaterial.uasset" 759
"../../../Engine/Content/EngineMaterials/DefaultMaterial.uexp" 760
"../../../Engine/Content/BasicShapes/Cone.ubulk" 761
"../../../Engine/Content/BasicShapes/Cone.uasset" 762
"../../../Engine/Content/BasicShapes/Cone.uexp" 763
"../../../Engine/Content/BasicShapes/Cube.ubulk" 764
"../../../Engine/Content/BasicShapes/Cube.uasset" 765
"../../../Engine/Content/BasicShapes/Cube.uexp" 766
"../../../Engine/Content/BasicShapes/Cylinder.ubulk" 767
"../../../Engine/Content/BasicShapes/Cylinder.uasset" 768
"../../../Engine/Content/BasicShapes/Cylinder.uexp" 769
"../../../Engine/Content/BasicShapes/Plane.ubulk" 770
"../../../Engine/Content/BasicShapes/Plane.uasset" 771
"../../../Engine/Content/BasicShapes/Plane.uexp" 772
"../../../Engine/Content/BasicShapes/Sphere.ubulk" 773
"../../../Engine/Content/BasicShapes/Sphere.uasset" 774
"../../../Engine/Content/BasicShapes/Sphere.uexp" 775
"../../../Engine/Plugins/Media/MediaPlate/Content/SM_MediaPlateScreen.ubulk" 776
"../../../Engine/Plugins/Media/MediaPlate/Content/SM_MediaPlateScreen.uasset" 777
"../../../Engine/Plugins/Media/MediaPlate/Content/SM_MediaPlateScreen.uexp" 778
"../../../Engine/Content/EngineResources/DefaultTextureCube.uasset" 779
"../../../Engine/Content/EngineResources/DefaultTextureCube.uexp" 780
"../../../Engine/Content/EngineResources/DefaultVolumeTexture2D.uasset" 781
"../../../Engine/Content/EngineResources/DefaultVolumeTexture2D.uexp" 782
"../../../Engine/Content/EngineResources/DefaultVolumeTexture.uasset" 783
"../../../Engine/Content/EngineResources/DefaultVolumeTexture.uexp" 784
"../../../Engine/Content/EngineMaterials/Substrate/Volume/SubstrateSimpleVolumeEnvLUT3D.uasset" 785
"../../../Engine/Content/EngineMaterials/Substrate/Volume/SubstrateSimpleVolumeEnvLUT3D.uexp" 786
"../../../Engine/Content/EngineMaterials/Substrate/Volume/SubstrateSimpleVolumeLUT3D.uasset" 787
"../../../Engine/Content/EngineMaterials/Substrate/Volume/SubstrateSimpleVolumeLUT3D.uexp" 788
"../../../Engine/Plugins/Interchange/Assets/Content/Utilities/New_LUT.uasset" 789
"../../../Engine/Plugins/Interchange/Assets/Content/Utilities/New_LUT.uexp" 790
"../../../Engine/Content/Functions/Engine_MaterialFunctions03/Math/RemapValueRange.uasset" 791
"../../../Engine/Content/Functions/Engine_MaterialFunctions03/Math/RemapValueRange.uexp" 792
"../../../Engine/Plugins/Interchange/Assets/Content/Functions/MF_Iridescence.uasset" 793
"../../../Engine/Plugins/Interchange/Assets/Content/Functions/MF_Iridescence.uexp" 794
"../../../Engine/Plugins/Interchange/Assets/Content/gltf/Textures/T_White_srgb.uasset" 795
"../../../Engine/Plugins/Interchange/Assets/Content/gltf/Textures/T_White_srgb.uexp" 796
"../../../Engine/Plugins/Interchange/Assets/Content/gltf/MaterialFunctions/MF_BaseColor.uasset" 797
"../../../Engine/Plugins/Interchange/Assets/Content/gltf/MaterialFunctions/MF_BaseColor.uexp" 798
"../../../Engine/Plugins/Interchange/Assets/Content/gltf/MaterialFunctions/MF_RotateV2.uasset" 799
"../../../Engine/Plugins/Interchange/Assets/Content/gltf/MaterialFunctions/MF_RotateV2.uexp" 800
"../../../Engine/Plugins/Interchange/Assets/Content/gltf/MaterialFunctions/MF_TransformUVs.uasset" 801
"../../../Engine/Plugins/Interchange/Assets/Content/gltf/MaterialFunctions/MF_TransformUVs.uexp" 802
"../../../Engine/Plugins/Interchange/Assets/Content/gltf/MaterialFunctions/MF_IOR.uasset" 803
"../../../Engine/Plugins/Interchange/Assets/Content/gltf/MaterialFunctions/MF_IOR.uexp" 804
"../../../Engine/Plugins/Interchange/Assets/Content/gltf/MaterialFunctions/MF_Iridescence.uasset" 805
"../../../Engine/Plugins/Interchange/Assets/Content/gltf/MaterialFunctions/MF_Iridescence.uexp" 806
"../../../Engine/Plugins/Interchange/Assets/Content/gltf/Textures/T_White_Linear.uasset" 807
"../../../Engine/Plugins/Interchange/Assets/Content/gltf/Textures/T_White_Linear.uexp" 808
"../../../Engine/Plugins/Interchange/Assets/Content/gltf/MaterialFunctions/MF_MetallicRoughness.uasset" 809
"../../../Engine/Plugins/Interchange/Assets/Content/gltf/MaterialFunctions/MF_MetallicRoughness.uexp" 810
"../../../Engine/Content/Functions/Engine_MaterialFunctions02/Math/Transform3x3Matrix.uasset" 811
"../../../Engine/Content/Functions/Engine_MaterialFunctions02/Math/Transform3x3Matrix.uexp" 812
"../../../Engine/Plugins/Interchange/Assets/Content/gltf/MaterialFunctions/MF_RotateNormals_TS.uasset" 813
"../../../Engine/Plugins/Interchange/Assets/Content/gltf/MaterialFunctions/MF_RotateNormals_TS.uexp" 814
"../../../Engine/Plugins/Interchange/Assets/Content/gltf/MaterialFunctions/MF_ScaleNormal.uasset" 815
"../../../Engine/Plugins/Interchange/Assets/Content/gltf/MaterialFunctions/MF_ScaleNormal.uexp" 816
"../../../Engine/Plugins/Interchange/Assets/Content/gltf/Textures/T_Generic_N.uasset" 817
"../../../Engine/Plugins/Interchange/Assets/Content/gltf/Textures/T_Generic_N.uexp" 818
"../../../Engine/Plugins/Interchange/Assets/Content/gltf/MaterialFunctions/MF_Normals.uasset" 819
"../../../Engine/Plugins/Interchange/Assets/Content/gltf/MaterialFunctions/MF_Normals.uexp" 820
"../../../Engine/Plugins/Interchange/Assets/Content/gltf/MaterialFunctions/MF_Occlusion.uasset" 821
"../../../Engine/Plugins/Interchange/Assets/Content/gltf/MaterialFunctions/MF_Occlusion.uexp" 822
"../../../Engine/Plugins/Interchange/Assets/Content/gltf/MaterialFunctions/MF_Specular.uasset" 823
"../../../Engine/Plugins/Interchange/Assets/Content/gltf/MaterialFunctions/MF_Specular.uexp" 824
"../../../Engine/Plugins/Interchange/Assets/Content/gltf/Textures/T_Anisotropy_Direction_Linear.uasset" 825
"../../../Engine/Plugins/Interchange/Assets/Content/gltf/Textures/T_Anisotropy_Direction_Linear.uexp" 826
"../../../Engine/Plugins/Interchange/Assets/Content/gltf/MaterialFunctions/MF_SpecularAnisotropy.uasset" 827
"../../../Engine/Plugins/Interchange/Assets/Content/gltf/MaterialFunctions/MF_SpecularAnisotropy.uexp" 828
"../../../Engine/Plugins/Interchange/Assets/Content/gltf/MaterialFunctions/MF_Emissive.uasset" 829
"../../../Engine/Plugins/Interchange/Assets/Content/gltf/MaterialFunctions/MF_Emissive.uexp" 830
"../../../Engine/Content/Functions/Engine_MaterialFunctions01/Texturing/FlattenNormal.uasset" 831
"../../../Engine/Content/Functions/Engine_MaterialFunctions01/Texturing/FlattenNormal.uexp" 832
"../../../Engine/Plugins/Interchange/Assets/Content/gltf/MaterialFunctions/MF_Clearcoat.uasset" 833
"../../../Engine/Plugins/Interchange/Assets/Content/gltf/MaterialFunctions/MF_Clearcoat.uexp" 834
"../../../Engine/Plugins/Interchange/Assets/Content/gltf/MaterialBodies/MF_ClearCoat_Body.uasset" 835
"../../../Engine/Plugins/Interchange/Assets/Content/gltf/MaterialBodies/MF_ClearCoat_Body.uexp" 836
"../../../Engine/Plugins/Interchange/Assets/Content/gltf/M_ClearCoat.uasset" 837
"../../../Engine/Plugins/Interchange/Assets/Content/gltf/M_ClearCoat.uexp" 838
"../../../Engine/Plugins/Interchange/Assets/Content/gltf/MaterialInstances/MI_ClearCoat_Blend.uasset" 839
"../../../Engine/Plugins/Interchange/Assets/Content/gltf/MaterialInstances/MI_ClearCoat_Blend.uexp" 840
"../../../Engine/Plugins/Interchange/Assets/Content/gltf/MaterialInstances/MI_ClearCoat_Blend_DS.uasset" 841
"../../../Engine/Plugins/Interchange/Assets/Content/gltf/MaterialInstances/MI_ClearCoat_Blend_DS.uexp" 842
"../../../Engine/Plugins/Interchange/Assets/Content/gltf/MaterialInstances/MI_ClearCoat_Mask.uasset" 843
"../../../Engine/Plugins/Interchange/Assets/Content/gltf/MaterialInstances/MI_ClearCoat_Mask.uexp" 844
"../../../Engine/Plugins/Interchange/Assets/Content/gltf/MaterialInstances/MI_ClearCoat_Mask_DS.uasset" 845
"../../../Engine/Plugins/Interchange/Assets/Content/gltf/MaterialInstances/MI_ClearCoat_Mask_DS.uexp" 846
"../../../Engine/Plugins/Interchange/Assets/Content/gltf/MaterialInstances/MI_ClearCoat_Opaque.uasset" 847
"../../../Engine/Plugins/Interchange/Assets/Content/gltf/MaterialInstances/MI_ClearCoat_Opaque.uexp" 848
"../../../Engine/Plugins/Interchange/Assets/Content/gltf/MaterialInstances/MI_ClearCoat_Opaque_DS.uasset" 849
"../../../Engine/Plugins/Interchange/Assets/Content/gltf/MaterialInstances/MI_ClearCoat_Opaque_DS.uexp" 850
"../../../Engine/Plugins/Interchange/Assets/Content/gltf/MaterialBodies/MF_Default_Body.uasset" 851
"../../../Engine/Plugins/Interchange/Assets/Content/gltf/MaterialBodies/MF_Default_Body.uexp" 852
"../../../Engine/Plugins/Interchange/Assets/Content/gltf/M_Default.uasset" 853
"../../../Engine/Plugins/Interchange/Assets/Content/gltf/M_Default.uexp" 854
"../../../Engine/Plugins/Interchange/Assets/Content/gltf/MaterialInstances/MI_Default_Blend.uasset" 855
"../../../Engine/Plugins/Interchange/Assets/Content/gltf/MaterialInstances/MI_Default_Blend.uexp" 856
"../../../Engine/Plugins/Interchange/Assets/Content/gltf/MaterialInstances/MI_Default_Blend_DS.uasset" 857
"../../../Engine/Plugins/Interchange/Assets/Content/gltf/MaterialInstances/MI_Default_Blend_DS.uexp" 858
"../../../Engine/Plugins/Interchange/Assets/Content/gltf/MaterialInstances/MI_Default_Mask.uasset" 859
"../../../Engine/Plugins/Interchange/Assets/Content/gltf/MaterialInstances/MI_Default_Mask.uexp" 860
"../../../Engine/Plugins/Interchange/Assets/Content/gltf/MaterialInstances/MI_Default_Mask_DS.uasset" 861
"../../../Engine/Plugins/Interchange/Assets/Content/gltf/MaterialInstances/MI_Default_Mask_DS.uexp" 862
"../../../Engine/Plugins/Interchange/Assets/Content/gltf/MaterialInstances/MI_Default_Opaque.uasset" 863
"../../../Engine/Plugins/Interchange/Assets/Content/gltf/MaterialInstances/MI_Default_Opaque.uexp" 864
"../../../Engine/Plugins/Interchange/Assets/Content/gltf/MaterialInstances/MI_Default_Opaque_DS.uasset" 865
"../../../Engine/Plugins/Interchange/Assets/Content/gltf/MaterialInstances/MI_Default_Opaque_DS.uexp" 866
"../../../Engine/Plugins/Interchange/Assets/Content/gltf/MaterialFunctions/MF_Sheen.uasset" 867
"../../../Engine/Plugins/Interchange/Assets/Content/gltf/MaterialFunctions/MF_Sheen.uexp" 868
"../../../Engine/Plugins/Interchange/Assets/Content/gltf/MaterialBodies/MF_Sheen_Body.uasset" 869
"../../../Engine/Plugins/Interchange/Assets/Content/gltf/MaterialBodies/MF_Sheen_Body.uexp" 870
"../../../Engine/Plugins/Interchange/Assets/Content/gltf/M_Sheen.uasset" 871
"../../../Engine/Plugins/Interchange/Assets/Content/gltf/M_Sheen.uexp" 872
"../../../Engine/Plugins/Interchange/Assets/Content/gltf/MaterialInstances/MI_Sheen_Blend.uasset" 873
"../../../Engine/Plugins/Interchange/Assets/Content/gltf/MaterialInstances/MI_Sheen_Blend.uexp" 874
"../../../Engine/Plugins/Interchange/Assets/Content/gltf/MaterialInstances/MI_Sheen_Blend_DS.uasset" 875
"../../../Engine/Plugins/Interchange/Assets/Content/gltf/MaterialInstances/MI_Sheen_Blend_DS.uexp" 876
"../../../Engine/Plugins/Interchange/Assets/Content/gltf/MaterialInstances/MI_Sheen_Mask.uasset" 877
"../../../Engine/Plugins/Interchange/Assets/Content/gltf/MaterialInstances/MI_Sheen_Mask.uexp" 878
"../../../Engine/Plugins/Interchange/Assets/Content/gltf/MaterialInstances/MI_Sheen_Mask_DS.uasset" 879
"../../../Engine/Plugins/Interchange/Assets/Content/gltf/MaterialInstances/MI_Sheen_Mask_DS.uexp" 880
"../../../Engine/Plugins/Interchange/Assets/Content/gltf/MaterialInstances/MI_Sheen_Opaque.uasset" 881
"../../../Engine/Plugins/Interchange/Assets/Content/gltf/MaterialInstances/MI_Sheen_Opaque.uexp" 882
"../../../Engine/Plugins/Interchange/Assets/Content/gltf/MaterialInstances/MI_Sheen_Opaque_DS.uasset" 883
"../../../Engine/Plugins/Interchange/Assets/Content/gltf/MaterialInstances/MI_Sheen_Opaque_DS.uexp" 884
"../../../Engine/Content/Functions/Engine_MaterialFunctions02/Math/AddComponents.uasset" 885
"../../../Engine/Content/Functions/Engine_MaterialFunctions02/Math/AddComponents.uexp" 886
"../../../Engine/Plugins/Interchange/Assets/Content/gltf/MaterialFunctions/MF_DiffuseSpecGloss.uasset" 887
"../../../Engine/Plugins/Interchange/Assets/Content/gltf/MaterialFunctions/MF_DiffuseSpecGloss.uexp" 888
"../../../Engine/Plugins/Interchange/Assets/Content/gltf/MaterialFunctions/MF_MaxComponentValue.uasset" 889
"../../../Engine/Plugins/Interchange/Assets/Content/gltf/MaterialFunctions/MF_MaxComponentValue.uexp" 890
"../../../Engine/Plugins/Interchange/Assets/Content/gltf/MaterialFunctions/MF_PerceivedBrightness.uasset" 891
"../../../Engine/Plugins/Interchange/Assets/Content/gltf/MaterialFunctions/MF_PerceivedBrightness.uexp" 892
"../../../Engine/Plugins/Interchange/Assets/Content/gltf/MaterialFunctions/MF_SpecGlossToMetalRoughness.uasset" 893
"../../../Engine/Plugins/Interchange/Assets/Content/gltf/MaterialFunctions/MF_SpecGlossToMetalRoughness.uexp" 894
"../../../Engine/Plugins/Interchange/Assets/Content/gltf/MaterialBodies/MF_SpecularGlossiness_Body.uasset" 895
"../../../Engine/Plugins/Interchange/Assets/Content/gltf/MaterialBodies/MF_SpecularGlossiness_Body.uexp" 896
"../../../Engine/Plugins/Interchange/Assets/Content/gltf/M_SpecularGlossiness.uasset" 897
"../../../Engine/Plugins/Interchange/Assets/Content/gltf/M_SpecularGlossiness.uexp" 898
"../../../Engine/Plugins/Interchange/Assets/Content/gltf/MaterialInstances/MI_SpecularGlossiness_Blend.uasset" 899
"../../../Engine/Plugins/Interchange/Assets/Content/gltf/MaterialInstances/MI_SpecularGlossiness_Blend.uexp" 900
"../../../Engine/Plugins/Interchange/Assets/Content/gltf/MaterialInstances/MI_SpecularGlossiness_Blend_DS.uasset" 901
"../../../Engine/Plugins/Interchange/Assets/Content/gltf/MaterialInstances/MI_SpecularGlossiness_Blend_DS.uexp" 902
"../../../Engine/Plugins/Interchange/Assets/Content/gltf/MaterialInstances/MI_SpecularGlossiness_Mask.uasset" 903
"../../../Engine/Plugins/Interchange/Assets/Content/gltf/MaterialInstances/MI_SpecularGlossiness_Mask.uexp" 904
"../../../Engine/Plugins/Interchange/Assets/Content/gltf/MaterialInstances/MI_SpecularGlossiness_Mask_DS.uasset" 905
"../../../Engine/Plugins/Interchange/Assets/Content/gltf/MaterialInstances/MI_SpecularGlossiness_Mask_DS.uexp" 906
"../../../Engine/Plugins/Interchange/Assets/Content/gltf/MaterialInstances/MI_SpecularGlossiness_Opaque.uasset" 907
"../../../Engine/Plugins/Interchange/Assets/Content/gltf/MaterialInstances/MI_SpecularGlossiness_Opaque.uexp" 908
"../../../Engine/Plugins/Interchange/Assets/Content/gltf/MaterialInstances/MI_SpecularGlossiness_Opaque_DS.uasset" 909
"../../../Engine/Plugins/Interchange/Assets/Content/gltf/MaterialInstances/MI_SpecularGlossiness_Opaque_DS.uexp" 910
"../../../Engine/Content/EngineMaterials/Good64x64TilingNoiseHighFreq.uasset" 911
"../../../Engine/Content/EngineMaterials/Good64x64TilingNoiseHighFreq.uexp" 912
"../../../Engine/Content/Functions/Engine_MaterialFunctions02/Texturing/ScreenAlignedPixelToPixelUVs.uasset" 913
"../../../Engine/Content/Functions/Engine_MaterialFunctions02/Texturing/ScreenAlignedPixelToPixelUVs.uexp" 914
"../../../Engine/Plugins/Interchange/Assets/Content/gltf/MaterialFunctions/MF_Fresnel_DS.uasset" 915
"../../../Engine/Plugins/Interchange/Assets/Content/gltf/MaterialFunctions/MF_Fresnel_DS.uexp" 916
"../../../Engine/Plugins/Interchange/Assets/Content/gltf/MaterialFunctions/MF_Temporal_Blur.uasset" 917
"../../../Engine/Plugins/Interchange/Assets/Content/gltf/MaterialFunctions/MF_Temporal_Blur.uexp" 918
"../../../Engine/Plugins/Interchange/Assets/Content/gltf/MaterialFunctions/MF_Transmission.uasset" 919
"../../../Engine/Plugins/Interchange/Assets/Content/gltf/MaterialFunctions/MF_Transmission.uexp" 920
"../../../Engine/Plugins/Interchange/Assets/Content/gltf/MaterialBodies/MF_Transmission_Body.uasset" 921
"../../../Engine/Plugins/Interchange/Assets/Content/gltf/MaterialBodies/MF_Transmission_Body.uexp" 922
"../../../Engine/Plugins/Interchange/Assets/Content/gltf/M_Transmission.uasset" 923
"../../../Engine/Plugins/Interchange/Assets/Content/gltf/M_Transmission.uexp" 924
"../../../Engine/Plugins/Interchange/Assets/Content/gltf/MaterialInstances/MI_Transmission.uasset" 925
"../../../Engine/Plugins/Interchange/Assets/Content/gltf/MaterialInstances/MI_Transmission.uexp" 926
"../../../Engine/Plugins/Interchange/Assets/Content/gltf/MaterialInstances/MI_Transmission_DS.uasset" 927
"../../../Engine/Plugins/Interchange/Assets/Content/gltf/MaterialInstances/MI_Transmission_DS.uexp" 928
"../../../Engine/Plugins/Interchange/Assets/Content/gltf/MaterialBodies/MF_Unlit_Body.uasset" 929
"../../../Engine/Plugins/Interchange/Assets/Content/gltf/MaterialBodies/MF_Unlit_Body.uexp" 930
"../../../Engine/Plugins/Interchange/Assets/Content/gltf/M_Unlit.uasset" 931
"../../../Engine/Plugins/Interchange/Assets/Content/gltf/M_Unlit.uexp" 932
"../../../Engine/Plugins/Interchange/Assets/Content/gltf/MaterialInstances/MI_Unlit_Blend.uasset" 933
"../../../Engine/Plugins/Interchange/Assets/Content/gltf/MaterialInstances/MI_Unlit_Blend.uexp" 934
"../../../Engine/Plugins/Interchange/Assets/Content/gltf/MaterialInstances/MI_Unlit_Blend_DS.uasset" 935
"../../../Engine/Plugins/Interchange/Assets/Content/gltf/MaterialInstances/MI_Unlit_Blend_DS.uexp" 936
"../../../Engine/Plugins/Interchange/Assets/Content/gltf/MaterialInstances/MI_Unlit_Mask.uasset" 937
"../../../Engine/Plugins/Interchange/Assets/Content/gltf/MaterialInstances/MI_Unlit_Mask.uexp" 938
"../../../Engine/Plugins/Interchange/Assets/Content/gltf/MaterialInstances/MI_Unlit_Mask_DS.uasset" 939
"../../../Engine/Plugins/Interchange/Assets/Content/gltf/MaterialInstances/MI_Unlit_Mask_DS.uexp" 940
"../../../Engine/Plugins/Interchange/Assets/Content/gltf/MaterialInstances/MI_Unlit_Opaque.uasset" 941
"../../../Engine/Plugins/Interchange/Assets/Content/gltf/MaterialInstances/MI_Unlit_Opaque.uexp" 942
"../../../Engine/Plugins/Interchange/Assets/Content/gltf/MaterialInstances/MI_Unlit_Opaque_DS.uasset" 943
"../../../Engine/Plugins/Interchange/Assets/Content/gltf/MaterialInstances/MI_Unlit_Opaque_DS.uexp" 944
"../../../Engine/Content/EditorLandscapeResources/ColorMaskBrushMaterial.uasset" 945
"../../../Engine/Content/EditorLandscapeResources/ColorMaskBrushMaterial.uexp" 946
"../../../Engine/Content/EditorLandscapeResources/ColorMaskBrushMaterial_MaskedRegion.uasset" 947
"../../../Engine/Content/EditorLandscapeResources/ColorMaskBrushMaterial_MaskedRegion.uexp" 948
"../../../Engine/Content/Functions/Engine_MaterialFunctions03/Math/WithinRangeFloat2.uasset" 949
"../../../Engine/Content/Functions/Engine_MaterialFunctions03/Math/WithinRangeFloat2.uexp" 950
"../../../Engine/Content/EditorLandscapeResources/MaskBrushMaterial.uasset" 951
"../../../Engine/Content/EditorLandscapeResources/MaskBrushMaterial.uexp" 952
"../../../Engine/Content/EditorLandscapeResources/MaskBrushMaterial_MaskedRegion.uasset" 953
"../../../Engine/Content/EditorLandscapeResources/MaskBrushMaterial_MaskedRegion.uexp" 954
"../../../Engine/Content/EditorLandscapeResources/SelectBrushMaterial.uasset" 955
"../../../Engine/Content/EditorLandscapeResources/SelectBrushMaterial.uexp" 956
"../../../Engine/Content/EditorLandscapeResources/SelectBrushMaterial_Selected.uasset" 957
"../../../Engine/Content/EditorLandscapeResources/SelectBrushMaterial_Selected.uexp" 958
"../../../Engine/Content/EditorLandscapeResources/SelectBrushMaterial_SelectedRegion.uasset" 959
"../../../Engine/Content/EditorLandscapeResources/SelectBrushMaterial_SelectedRegion.uexp" 960
"../../../Engine/Content/EngineResources/WhiteSquareTexture.uasset" 961
"../../../Engine/Content/EngineResources/WhiteSquareTexture.uexp" 962
"../../../Engine/Content/EngineMaterials/Widget3DPassThrough.uasset" 963
"../../../Engine/Content/EngineMaterials/Widget3DPassThrough.uexp" 964
"../../../Engine/Content/EngineMaterials/Widget3DPassThrough_Masked.uasset" 965
"../../../Engine/Content/EngineMaterials/Widget3DPassThrough_Masked.uexp" 966
"../../../Engine/Content/EngineMaterials/Widget3DPassThrough_Opaque.uasset" 967
"../../../Engine/Content/EngineMaterials/Widget3DPassThrough_Opaque.uexp" 968
"../../../Engine/Content/EngineMaterials/Widget3DPassThrough_Masked_OneSided.uasset" 969
"../../../Engine/Content/EngineMaterials/Widget3DPassThrough_Masked_OneSided.uexp" 970
"../../../Engine/Content/EngineMaterials/Widget3DPassThrough_Opaque_OneSided.uasset" 971
"../../../Engine/Content/EngineMaterials/Widget3DPassThrough_Opaque_OneSided.uexp" 972
"../../../Engine/Content/EngineMaterials/Widget3DPassThrough_Translucent.uasset" 973
"../../../Engine/Content/EngineMaterials/Widget3DPassThrough_Translucent.uexp" 974
"../../../Engine/Content/EngineMaterials/Widget3DPassThrough_Translucent_OneSided.uasset" 975
"../../../Engine/Content/EngineMaterials/Widget3DPassThrough_Translucent_OneSided.uexp" 976
"../../../Engine/Plugins/2D/Paper2D/Content/DefaultSpriteMaterial.uasset" 977
"../../../Engine/Plugins/2D/Paper2D/Content/DefaultSpriteMaterial.uexp" 978
"../../../Engine/Plugins/2D/Paper2D/Content/MaskedUnlitSpriteMaterial.uasset" 979
"../../../Engine/Plugins/2D/Paper2D/Content/MaskedUnlitSpriteMaterial.uexp" 980
"../../../Engine/Plugins/2D/Paper2D/Content/OpaqueUnlitSpriteMaterial.uasset" 981
"../../../Engine/Plugins/2D/Paper2D/Content/OpaqueUnlitSpriteMaterial.uexp" 982
"../../../Engine/Content/EngineResources/LandscapeVisibilityLayerInfo.uasset" 983
"../../../Engine/Content/EngineResources/LandscapeVisibilityLayerInfo.uexp" 984
"../../../Engine/Content/VREditor/Sounds/UI/Drop_Item_From_ContentBrowser.ubulk" 985
"../../../Engine/Content/VREditor/Sounds/UI/Drop_Item_From_ContentBrowser.uasset" 986
"../../../Engine/Content/VREditor/Sounds/UI/Drop_Item_From_ContentBrowser.uexp" 987
"../../../Engine/Content/VREditor/TransformGizmo/TransformGizmoMaterial_Inst.uasset" 988
"../../../Engine/Content/VREditor/TransformGizmo/TransformGizmoMaterial_Inst.uexp" 989
"../../../Engine/Content/VREditor/TransformGizmo/TranslucentTransformGizmoMaterial_Inst.uasset" 990
"../../../Engine/Content/VREditor/TransformGizmo/TranslucentTransformGizmoMaterial_Inst.uexp" 991
"../../../Engine/Content/Functions/Engine_MaterialFunctions02/SplitComponents.uasset" 992
"../../../Engine/Content/Functions/Engine_MaterialFunctions02/SplitComponents.uexp" 993
"../../../Engine/Content/VREditor/SnapGrid/SnapGridMaterial.uasset" 994
"../../../Engine/Content/VREditor/SnapGrid/SnapGridMaterial.uexp" 995
"../../../Engine/Content/VREditor/SnapGrid/SnapGridPlaneMesh.ubulk" 996
"../../../Engine/Content/VREditor/SnapGrid/SnapGridPlaneMesh.uasset" 997
"../../../Engine/Content/VREditor/SnapGrid/SnapGridPlaneMesh.uexp" 998
"../../../Engine/Content/VREditor/Sounds/UI/Gizmo_Handle_Clicked.ubulk" 999
"../../../Engine/Content/VREditor/Sounds/UI/Gizmo_Handle_Clicked.uasset" 1000
"../../../Engine/Content/VREditor/Sounds/UI/Gizmo_Handle_Clicked.uexp" 1001
"../../../Engine/Content/VREditor/Sounds/UI/Object_PickUp.ubulk" 1002
"../../../Engine/Content/VREditor/Sounds/UI/Object_PickUp.uasset" 1003
"../../../Engine/Content/VREditor/Sounds/UI/Object_PickUp.uexp" 1004
"../../../Engine/Content/VREditor/Sounds/UI/Object_Snaps_To_Another_Actor.ubulk" 1005
"../../../Engine/Content/VREditor/Sounds/UI/Object_Snaps_To_Another_Actor.uasset" 1006
"../../../Engine/Content/VREditor/Sounds/UI/Object_Snaps_To_Another_Actor.uexp" 1007
"../../../Engine/Content/VREditor/Sounds/UI/Object_Snaps_To_Grid.ubulk" 1008
"../../../Engine/Content/VREditor/Sounds/UI/Object_Snaps_To_Grid.uasset" 1009
"../../../Engine/Content/VREditor/Sounds/UI/Object_Snaps_To_Grid.uexp" 1010
"../../../Engine/Content/VREditor/Sounds/UI/Scaling_Down.ubulk" 1011
"../../../Engine/Content/VREditor/Sounds/UI/Scaling_Down.uasset" 1012
"../../../Engine/Content/VREditor/Sounds/UI/Scaling_Down.uexp" 1013
"../../../Engine/Content/VREditor/Sounds/UI/Scaling_Up.ubulk" 1014
"../../../Engine/Content/VREditor/Sounds/UI/Scaling_Up.uasset" 1015
"../../../Engine/Content/VREditor/Sounds/UI/Scaling_Up.uexp" 1016
"../../../Engine/Content/VREditor/Sounds/UI/Selection_Changes.ubulk" 1017
"../../../Engine/Content/VREditor/Sounds/UI/Selection_Changes.uasset" 1018
"../../../Engine/Content/VREditor/Sounds/UI/Selection_Changes.uexp" 1019
"../../../Engine/Content/VREditor/TransformGizmo/PlaneTranslationHandle.ubulk" 1020
"../../../Engine/Content/VREditor/TransformGizmo/PlaneTranslationHandle.uasset" 1021
"../../../Engine/Content/VREditor/TransformGizmo/PlaneTranslationHandle.uexp" 1022
"../../../Engine/Content/VREditor/TransformGizmo/RotationHandleFull.ubulk" 1023
"../../../Engine/Content/VREditor/TransformGizmo/RotationHandleFull.uasset" 1024
"../../../Engine/Content/VREditor/TransformGizmo/RotationHandleFull.uexp" 1025
"../../../Engine/Content/VREditor/TransformGizmo/RotationHandleIndicator.ubulk" 1026
"../../../Engine/Content/VREditor/TransformGizmo/RotationHandleIndicator.uasset" 1027
"../../../Engine/Content/VREditor/TransformGizmo/RotationHandleIndicator.uexp" 1028
"../../../Engine/Content/VREditor/TransformGizmo/RotationHandleQuarter.ubulk" 1029
"../../../Engine/Content/VREditor/TransformGizmo/RotationHandleQuarter.uasset" 1030
"../../../Engine/Content/VREditor/TransformGizmo/RotationHandleQuarter.uexp" 1031
"../../../Engine/Content/VREditor/TransformGizmo/StartRotationHandleIndicator.ubulk" 1032
"../../../Engine/Content/VREditor/TransformGizmo/StartRotationHandleIndicator.uasset" 1033
"../../../Engine/Content/VREditor/TransformGizmo/StartRotationHandleIndicator.uexp" 1034
"../../../Engine/Content/VREditor/TransformGizmo/TransformGizmoFreeRotation.ubulk" 1035
"../../../Engine/Content/VREditor/TransformGizmo/TransformGizmoFreeRotation.uasset" 1036
"../../../Engine/Content/VREditor/TransformGizmo/TransformGizmoFreeRotation.uexp" 1037
"../../../Engine/Content/VREditor/TransformGizmo/TranslateArrowHandle.ubulk" 1038
"../../../Engine/Content/VREditor/TransformGizmo/TranslateArrowHandle.uasset" 1039
"../../../Engine/Content/VREditor/TransformGizmo/TranslateArrowHandle.uexp" 1040
"../../../Engine/Content/VREditor/TransformGizmo/UniformScaleHandle.ubulk" 1041
"../../../Engine/Content/VREditor/TransformGizmo/UniformScaleHandle.uasset" 1042
"../../../Engine/Content/VREditor/TransformGizmo/UniformScaleHandle.uexp" 1043
"../../../Engine/Plugins/Animation/DeformerGraph/Content/DeformerFunctions/DG_Function_LinearBlendSkin_Morph_Cloth.uasset" 1044
"../../../Engine/Plugins/Animation/DeformerGraph/Content/DeformerFunctions/DG_Function_LinearBlendSkin_Morph_Cloth.uexp" 1045
"../../../Engine/Plugins/Animation/DeformerGraph/Content/Deformers/DG_LinearBlendSkin_Morph_Cloth.uasset" 1046
"../../../Engine/Plugins/Animation/DeformerGraph/Content/Deformers/DG_LinearBlendSkin_Morph_Cloth.uexp" 1047
"../../../Engine/Plugins/Animation/DeformerGraph/Content/DeformerFunctions/DG_Function_LinearBlendSkin_Morph_Cloth_PositionOnly.uasset" 1048
"../../../Engine/Plugins/Animation/DeformerGraph/Content/DeformerFunctions/DG_Function_LinearBlendSkin_Morph_Cloth_PositionOnly.uexp" 1049
"../../../Engine/Plugins/Animation/DeformerGraph/Content/DeformerFunctions/DG_Function_ComputeNormalsTangents.uasset" 1050
"../../../Engine/Plugins/Animation/DeformerGraph/Content/DeformerFunctions/DG_Function_ComputeNormalsTangents.uexp" 1051
"../../../Engine/Plugins/Animation/DeformerGraph/Content/Deformers/DG_LinearBlendSkin_Morph_Cloth_RecomputeNormals.uasset" 1052
"../../../Engine/Plugins/Animation/DeformerGraph/Content/Deformers/DG_LinearBlendSkin_Morph_Cloth_RecomputeNormals.uexp" 1053
"../../../Engine/Plugins/NNE/NNEDenoiser/Content/NNEDT_Oidn2-3_Balanced.uasset" 1054
"../../../Engine/Plugins/NNE/NNEDenoiser/Content/NNEDT_Oidn2-3_Balanced.uexp" 1055
"../../../Engine/Plugins/NNE/NNEDenoiser/Content/NNEDT_Oidn2-3_Balanced_Alpha.uasset" 1056
"../../../Engine/Plugins/NNE/NNEDenoiser/Content/NNEDT_Oidn2-3_Balanced_Alpha.uexp" 1057
"../../../Engine/Plugins/NNE/NNEDenoiser/Content/NNED_Oidn2-3_Balanced.uasset" 1058
"../../../Engine/Plugins/NNE/NNEDenoiser/Content/NNED_Oidn2-3_Balanced.uexp" 1059
"../../../Engine/Plugins/NNE/NNEDenoiser/Content/NNED_Oidn2-3_Balanced_Alpha.uasset" 1060
"../../../Engine/Plugins/NNE/NNEDenoiser/Content/NNED_Oidn2-3_Balanced_Alpha.uexp" 1061
"../../../Engine/Plugins/NNE/NNEDenoiser/Content/NNED_Oidn2-3_Fast.uasset" 1062
"../../../Engine/Plugins/NNE/NNEDenoiser/Content/NNED_Oidn2-3_Fast.uexp" 1063
"../../../Engine/Plugins/NNE/NNEDenoiser/Content/NNED_Oidn2-3_Fast_Alpha.uasset" 1064
"../../../Engine/Plugins/NNE/NNEDenoiser/Content/NNED_Oidn2-3_Fast_Alpha.uexp" 1065
"../../../Engine/Plugins/NNE/NNEDenoiser/Content/NNED_Oidn2-3_HighQuality.uasset" 1066
"../../../Engine/Plugins/NNE/NNEDenoiser/Content/NNED_Oidn2-3_HighQuality.uexp" 1067
"../../../Engine/Plugins/NNE/NNEDenoiser/Content/NNED_Oidn2-3_HighQuality_Alpha.uasset" 1068
"../../../Engine/Plugins/NNE/NNEDenoiser/Content/NNED_Oidn2-3_HighQuality_Alpha.uexp" 1069
"../../../Engine/Plugins/NNE/NNEDenoiser/Content/NNE_oidn2-3-0_rt_hdr_alb_nrm_small__dyn__fp16_opset11_DenoiseAlpha.uasset" 1070
"../../../Engine/Plugins/NNE/NNEDenoiser/Content/NNE_oidn2-3-0_rt_hdr_alb_nrm_small__dyn__fp16_opset11_DenoiseAlpha.uexp" 1071
"../../../Engine/Plugins/NNE/NNEDenoiser/Content/NNE_oidn2-3-0_rt_hdr_alb_nrm_small__dyn__fp16_opset11_ForwardAlpha.uasset" 1072
"../../../Engine/Plugins/NNE/NNEDenoiser/Content/NNE_oidn2-3-0_rt_hdr_alb_nrm_small__dyn__fp16_opset11_ForwardAlpha.uexp" 1073
"../../../Engine/Plugins/NNE/NNEDenoiser/Content/NNE_oidn2-3-0_rt_hdr_alb_nrm__dyn__fp16_opset11_DenoiseAlpha.uasset" 1074
"../../../Engine/Plugins/NNE/NNEDenoiser/Content/NNE_oidn2-3-0_rt_hdr_alb_nrm__dyn__fp16_opset11_DenoiseAlpha.uexp" 1075
"../../../Engine/Plugins/NNE/NNEDenoiser/Content/NNE_oidn2-3-0_rt_hdr_alb_nrm__dyn__fp16_opset11_ForwardAlpha.uasset" 1076
"../../../Engine/Plugins/NNE/NNEDenoiser/Content/NNE_oidn2-3-0_rt_hdr_alb_nrm__dyn__fp16_opset11_ForwardAlpha.uexp" 1077
"../../../Engine/Plugins/NNE/NNEDenoiser/Content/NNE_oidn2-3-0_rt_hdr_calb_cnrm_large__dyn__fp16_opset11_DenoiseAlpha.uasset" 1078
"../../../Engine/Plugins/NNE/NNEDenoiser/Content/NNE_oidn2-3-0_rt_hdr_calb_cnrm_large__dyn__fp16_opset11_DenoiseAlpha.uexp" 1079
"../../../Engine/Plugins/NNE/NNEDenoiser/Content/NNE_oidn2-3-0_rt_hdr_calb_cnrm_large__dyn__fp16_opset11_ForwardAlpha.uasset" 1080
"../../../Engine/Plugins/NNE/NNEDenoiser/Content/NNE_oidn2-3-0_rt_hdr_calb_cnrm_large__dyn__fp16_opset11_ForwardAlpha.uexp" 1081
"C:/Users/Kai/Desktop/Game Jam/w/DinkGameJam2025/DinkGameJam2025/Content/UI/Main_Menu.uasset" 1082
"C:/Users/Kai/Desktop/Game Jam/w/DinkGameJam2025/DinkGameJam2025/Content/UI/Main_Menu.uexp" 1083
"C:/Users/Kai/Desktop/Game Jam/w/DinkGameJam2025/DinkGameJam2025/Content/UI/MainMenue_Gamemode.uasset" 1084
"C:/Users/Kai/Desktop/Game Jam/w/DinkGameJam2025/DinkGameJam2025/Content/UI/MainMenue_Gamemode.uexp" 1085
"C:/Users/Kai/Desktop/Game Jam/w/DinkGameJam2025/DinkGameJam2025/Content/UI/Lv_Menu.uexp" 1086
"C:/Users/Kai/Desktop/Game Jam/w/DinkGameJam2025/DinkGameJam2025/Content/UI/Lv_Menu.umap" 1087
"../../../Engine/Content/Maps/Entry_BuiltData.uasset" 1088
"../../../Engine/Content/Maps/Entry_BuiltData.uexp" 1089
"../../../Engine/Content/Maps/Entry.uexp" 1090
"../../../Engine/Content/Maps/Entry.umap" 1091
